Ref,Group,Site name,Elevation m.asl,Lon,Lat,Time range minimum (cal yr BP),Time range maximum (cal yr BP),Pollen data source,Charcoal data source,CODE CHAR File,Publication,
1,NNeo,Lake Tulane,38,-82,27.6,226,47565,Neotoma,Manually extracted,ME_LakeTulane,"Watts, W. A. and Hansen, B. C. S.: Environments of Florida in the late Wisconsin and Holocene, in: Wet Site Archaeology, ed: Purdy, B. A., The Telford Press, Inc, 307–323, 1988.",
2,NNeo,Scott Lake,51,-81.9,28,-18,4527,Neotoma,,,"Watts, W.A. 1971. Postglacial and interglacial vegetation history of southern Georgia and central Florida. Ecology 52(4):676-690. [DOI: 10.2307/1934159]",
3,NNeo,Lake Tulane TFG,38,-82,27.6,879,51096,,Reading Palaeofire,2163,"Grimm, E.C., Watts, W.A., Jacobson Jr., G.L., Hansen, B.C.S., Almquist, H.R., Dieffenbacher-Krall, A.C., 2006. Evidence for warm wet Heinrich events in Florida. Quaternary Science Reviews 25, 2197–2211.",
4,NNeo,Lake Annie,33,-81.4,27.2,0,48642,Neotoma,,,"Watts, W.A. 1975. A late Quaternary record of vegetation from Lake Annie, south-central Florida. Geology 3(6):344-346. [DOI: 10.1130/0091-7613(1975)3<344:ALQROV>2.0.CO;2]",
5,NNeo,Little Salt Spring,5,-82.2,27.1,-2,10310,Neotoma,,,"Brown, J.G. 1981. Palynologic and petrographic analyses of bayhead hammock and marsh peats at Little Salt Spring archeological site (8So18), Florida. Master's thesis. University of South Carolina, Columbia, South Carolina, USA.",
6,NNeo,SRM-1,12,-81.1,25.4,45,6160,,Neotoma,5020,"Yao, Q., K.-B. Liu, W.J. Platt, and V.H. Rivera-Monroy. 2015. Palynological reconstruction of environmental changes in coastal wetlands of the Florida Everglades since the mid-Holocene. Quaternary Research 83(3):449-458",
7,NNeo,Laguna Herradura  ,5,-98.2,22,14,1801,,Reading Palaeofire,836,"Dull, R.A., Nevle, R.J., Woods, W.I., Bird, D.K., Avnery, S., Denevan, W.M., 2010. The Columbian Encounter and the Little Ice Age: abrupt land use change, fire, and greenhouse forcing. Annals of the Association of American Geographers 100, 755–771.",
8,NNeo,Ría Lagartos-2,7,-88.1,21.6,-50,3912,Neotoma,,,"Aragón-Moreno, A.A., G.A. Islebe, and N. Torrescano-Valle. 2012. A ~3800-yr, high-resolution record of vegetation and climate change on the north coast of the Yucatan Peninsula. Review of Palaeobotany and Palynology 178:35-42. ",
9,NNeo,Cenote San Jose Chulchaca,7,-90.1,20.9,-1,1896,Neotoma,,,"Leyden, B.W., M. Brenner, T.J. Whitmore, J.H. Curtis, D.R. Piperno, and B.H. Dahlin. 1996. A record of long- and short-term climatic variation from northwest Yucatan: Cenote San Jose Chulchaca. Pages 30-50 in S.L. Fedick, editor. The Managed Mosaic: Ancient Maya Agriculture and Resource Use. University of Utah Press, Salt Lake City, Utah, USA.",
10,NNeo,Cenote San Jose Chulchaca,7,-90.1,20.9,0,7193,Neotoma,,,"Leyden, B. W.: Pollen evidence for climatic variability and cultural disturbance in the Maya Lowlands, Anc. Mesoamerica, 13, 85–101, https://doi.org/10.1017/S0956536102131099, 2002.",
11,NNeo,Hoya Rincon de Parangueo,1772,-101.3,20.4,87,9836,Neotoma,,,"Park, J. 2005. Holocene climate change and human environmental impacts in Guanajuato, Mexico. Doctoral dissertation. University of California Berkeley, Berkeley, California, USA.",
12,NNeo,Hoya San Nicolás,1753,-101.3,20.4,-48,11132,Neotoma,,,"Park, J. 2005. Holocene climate change and human environmental impacts in Guanajuato, Mexico. Doctoral dissertation. University of California Berkeley, Berkeley, California, USA.",
13,NNeo,Laguna Biajaca,56,-71.1,19.6,-65,1126,Neotoma,,,"Castilla-Beltrán, A., H. Hooghiemstra, M.L.P. Hoogland, J. Pagán-Jiménez, B. van Geel, M.H. Field, M. Prins, T. Donders, E. Herrera Malatesta, J. Ulloa Hung, C.H. McMichael, W.D. Gosling, and C.L. Hofman. 2018. Columbusâ€™ footprint in Hispaniola: A paleoenvironmental record of indigenous and colonial impacts on the landscape of the central Cibao Valley, northern Dominican Republic. Anthropocene 22:66-80. ",
14,NNeo,Lake Patzcuaro,2056,-101.6,19.6,-20,46640,Neotoma,,,"Saporito, M.S. 1975. Chemical and mineral studies of a core from Lake Patzcuaro, Mexico. Master's thesis. University of Minnesota, Minneapolis, Minnesota, USA.",
15,NNeo,Chalco Lake,2235,-99,19.5,45,19225,Neotoma,,,"Lozano-García, M.S., B. Ortega-Guerrero, M. Caballero-Miranda, and J. Urrutia-Facugauchi. 1993. Late Pleistocene and Holocene Paleoenvironments of Chalco Lake, Central Mexico. Quaternary Research 40:332-342..",
16,NNeo,Lake Tzib,15,-88.1,19.3,154,7736,Neotoma,,,"Carrillo-Bastos, A., G.A. Islebe, N. Torrescano-Valle, and N.E. González. 2010. Holocene vegetation and climate history of central Quintana Roo, Yucatan Peninsula, Mexico. Review of Palaeobotany and Palynology 160:189-196. ",
17,Nneo,Lake Chignahuapan  ,2576,-99.5,19.2,1196,27090,,Reading Palaeofire,484,"Lozano-García, M. d.S., Sosa-Nájera, S., Sugiura, Y., Caballero, M., 2005. 23,000 yr of vegetation history of the Upper Lerma, a tropical high-altitude basin in Central Mexico. Quaternary Research 64, 70–82.",
18,Nneo,Lake Aljojuca  ,2492,-97.5,19.1,53,6246,,Reading Palaeofire,2415,"Bhattacharya, T., Byrne, R., 2016. Late Holocene anthropogenic and climatic influences on the regional vegetation of Mexico’s Cuenca Oriental. Global and Planetary Change 138, 56–69.",
19,Nneo,Bao-1 1997  ,1948,-71,19.1,-47,3949,,Reading Palaeofire,2300,"Kennedy, L.M., Horn, S.P., Orvis, K.H., 2006. A 4000-year record of fire and forest history from Valle de Bao, Cordillera Central, Dominican Republic. Palaeogeography, Palaeoclimatology, Palaeoecology 231, 279–290.",
20,Nneo,Arrepentimientos,2207,-70.9,19,-61,6185,Neotoma,,,"Crausbay, S.D., P.H. Martin, and E.F. Kelly. 2015. Tropical montane vegetation dynamics near the upper cloud belt strongly associated with a shifting ITCZ and fire. Journal of Ecology. v.103 (4), 891-903",
21,NNeo,Castilla  ,848,-70.9,18.8,-50,2090,,Reading Palaeofire,849,"Lane, C.S., Horn, S.P., Mora, C.I., Orvis, K.H., 2009. Late-Holocene paleoenvironmental change at mid-elevation on the Caribbean slope of the Cordillera Central, Dominican Republic: a multi-site, multi-proxy analysis. Quaternary Science Reviews 28, 2239–2260.",
22,NNeo,Salvador  ,848,-70.9,18.8,-50,1811,,Reading Palaeofire,848,"Lane, C.S., Horn, S.P., Mora, C.I., Orvis, K.H., 2009. Late-Holocene paleoenvironmental change at mid-elevation on the Caribbean slope of the Cordillera Central, Dominican Republic: a multi-site, multi-proxy analysis. Quaternary Science Reviews 28, 2239–2260.",
23,NNeo,Lago Catemaco,340,-95,18.7,-35,4892,Neotoma,,,"Byrne, A.R., and S.P. Horn. 1989. Prehistoric agriculture and forest clearance in the Sierra de los Tuxtlas, Veracruz, Mexico. Palynology 13:181-193.",
24,NNeo,Silvituc,60,-90.3,18.6,-50,6326,Neotoma,,,"Torrescano-Valle, N., and G.A. Islebe. 2015. Holocene paleoecology, climate history and human influence in the southwestern Yucatan Peninsula. Review of Palaeobotany and Palynology 217:1-8. ",
25,NNeo,Lago Verde  ,121,-95.3,18.6,-3,2302,,Reading Palaeofire,485,"Ortega, B., Caballero, M., Lozano-García, M. d.S, Vilaclara, G., Rodríguez, A., 2006. Rock magnetic and geochemical proxies for iron mineral diagenesis in a tropical lake: Lago Verde, Los Tuxtlas, East–Central Mexico. Earth and Planetary Science Letters 250, 444–458.",
26,NNeo,Lake Miragoane  ,87,-73.1,18.4,-49,11901,,Reading Palaeofire,2344,"Higuera-Gundy, A., Brenner, M., Hodell, D.A., Curtis, J.H., Leyden, B.W., Binford, M.W., 1999. A 10,300 14C yr record of climate and vegetation change from Haiti. Quaternary Research 52, 159–170.",
27,NNeo,Laguna Pompal  ,749,-95,18.4,49,4729,Neotoma,Reading Palaeofire,785,"Goman, M., Byrne, R., 1998. A 5000-year record of agriculture and tropical forest clearance in the Tuxtlas, Veracruz, Mexico. The Holocene 8, 83–89.",
28,NNeo,Lago Puerto Arturo,199,-90.2,17.5,-173,9601,Neotoma,,,"Anderson, L., and D. Wahl. 2016. Two Holocene paleofire records from Peten, Guatemala: Implications for natural fire regime and prehispanic Maya land use. Global and Planetary Change 138:82-92. ",
29,NNeo,Laguna EkNaab  ,240,-89.2,17.4,818,1581,,Reading Palaeofire,2029,"Wahl, D., Anderson, L., Estrada-Belli, F., Tokovinine, A., 2019. Palaeoenvironmental, epigraphic and archaeological evidence of total warfare among the Classic Maya. Nature Human Behaviour 3, 1049–1054.",
30,NNeo,Lake Peten-Itza,155,-89.9,17,-8,87577,Neotoma,,,"Correa-Metrio, A., M.B. Bush, K.R. Cabrera, S. Sully, M. Brenner, D.A. Hodell, J. Escobar, and T. Guilderson. 2012. Rapid climate change and no-analog vegetation in lowland Central America during the last 86,000 years. Quaternary Science Reviews 38:63-75. ",
31,NNeo,Lake Quexil,158,-89.8,16.9,8746,36282,Neotoma,,,"Leyden, B.W. 1984. Guatemalan forest synthesis after Pleistocene aridity. Proceedings of the National Academy of Sciences USA 81:4856-4859.",
32,NNeo,Cenote Kail  ,1765,-91.6,16,430,6126,Neotoma,Reading Palaeofire,2051,"Harvey, W.J., Nogué, S., Stansell, N., Petrokofsky, G., Steinman, B., Willis, K.J., 2019. The legacy of Pre–Columbian fire on the pine–oak forests of upland Guatemala. Frontiers in Forests and Global Change 2, 34.",
33,NNeo,Aguada de Petapilla,752,-89.1,14.9,-4,4776,,Reading Palaeofire,2297,"Rue, D., Webster, D., Traverse, A., 2002. Late Holocene fire and agriculture in the Copan Valley, Honduras. Ancient Mesoamerica 13, 267–272.",
34,NNeo,Laguna Metapan  ,478,-89.5,14.3,4,1540,,Reading Palaeofire,2333,"Dull, R.A., Nevle, R.J., Woods, W.I., Bird, D.K., Avnery, S., Denevan, W.M., 2010. The Columbian Encounter and the Little Ice Age: abrupt land use change, fire, and greenhouse forcing. Annals of the Association of American Geographers 100, 755–771.",
35,Nneo,Iztapa  ,7,-90.7,14,11,3215,,Reading Palaeofire,2030,"Larmon, J.T. 2013. The Pacific coast of Guatemala: a palynological investigation of climate change and human occupation. Master's thesis. Washington State University, Pullman, Washington, USA.",
36,NNeo,Laguna Llana del Espino  ,746,-89.5,14,1,3069,,Reading Palaeofire,2332,"Dull, R.A., 2004. A Holocene record of Neotropical savanna dynamics from El Salvador. Journal of Paleolimnology 32, 219–231.",
37,NNeo,Charco Verde  ,56,-85.6,11.5,-43,1326,,Reading Palaeofire,2305,"Avnery, S., Dull, R.A., Keitt, T.H., 2011. Human versus climatic influences on late-Holocene fire regimes in southwestern Nicaragua. The Holocene 21, 699–706.",
38,NNeo,Cantarrana  ,50,-84,10.4,-41,3393,,Reading Palaeofire,816,"Kennedy, L.M., Horn, S.P., 2007. A late Holocene pollen and charcoal record from La Selva Biological Station, Costa Rica. Biotropica 40, 11–19.",
39,NNeo,Lake Valencia,407,-67.8,10.2,-22,17559,Neotoma,,,"Bradbury, J.P., B. Leyden, M. Salgado-Labouriau, W.M. Lewis, Jr., C. Schubert, M.W. Binford, D.G. Frey, D.R. Whitehead, and F.H. Weibezahn. 1981. Late Quaternary environmental history of Lake Valencia, Venezuela. Science 214(4527):1299-1305.",
40,NNeo,La Chonta Bog,2314,-83.9,9.7,57,24808,Neotoma,,,"Islebe, G.A., H. Hooghiemstra, and R. van 't Veer. 1996. Holocene vegetation and water level history in two bogs of the Cordillera de Talamanca, Costa Rica. Vegetatio 124(2):155-171. ",
41,-,Lago Chirripo,3460,-83.5,9.5,-35,5126,,Reading Palaeofire,2322,"Horn, S.P., 1993. Postglacial vegetation and fire history in the Chirripó Páramo of Costa Rica. Quaternary Research 40, 107–116.",
42,-,Lago de las Morrenas,3460,-83.5,9.5,24,11011,,Reading Palaeofire,2324,"Horn, S.P., 1993. Postglacial vegetation and fire history in the Chirripó Páramo of Costa Rica. Quaternary Research 40, 107–116.",
43,NNeo,Paramo de Piedras Blancas,1223,-70.8,9.2,0,1340,Neotoma,,,"Rull, V., M.-L. Salgado-Labouriau, C. Schubert, and S. Valastro, Jr. 1987. Late Holocene temperature depression in the Venezuelan Andes: palynological evidence. Palaeogeography, Palaeoclimatology, Palaeoecology 60:109-121..",
44,NNeo,Boquillas,13,-74.6,9.1,1415,11778,Neotoma,,,"Berrío, J.C., A. Boom, P.J. Botero, L.F. Herrera, H. Hooghiemstra, F. Romero, and G. Sarmiento. 2001. Multi-disciplinary evidence of the Holocene history of a cultivated floodplain area in the wetlands of northern Colombia. Vegetation history and archaeobotany 10(3):161-174.",
45,TrAn,Paramo de Miranda,3796,-70.8,8.9,312,15601,Neotoma,,,"Salgado-Labouriau, M.-L. 1988. Sequence of colonization by plants in the Venezuelan Andes after the last Pleistocene glaciation. Journal of Palynology 23/24:189-204.",
46,NNeo,Laguna Zoncho,1033,-83,8.8,-47,3018,Manually extracted,Reading Palaeofire,2337,"Clement, R.M., Horn, S.P., 2001. Pre-Columbian land-use history in Costa Rica: a 3000-year record of forest clearance, agriculture and fires from Laguna Zoncho. The Holocene 11, 419–426.",
47,TrAn,Valle Laguna Victoria,3519,-70.8,8.8,0,12810,Neotoma,,,"Graf, K DOI: 10.21233/n3h49g",
48,TrAn,Valle Laguna Negra,3275,-70.8,8.8,0,3345,Neotoma,,,"Graf, K DOI: 10.21233/n3mv1m",
49,NNeo,Laguna Volcan  ,1138,-82.7,8.8,-25,2882,,Reading Palaeofire,2335,"Behling, H., 2000. A 2860-year high-resolution pollen and charcoal record from the Cordillera de Talamanca in Panama: a history of human and volcanic forest disturbance. The Holocene 10, 387–393.",
50,NNeo,Laguna Santa Elena  ,383,-82.6,8.6,0,1651,,Reading Palaeofire,782,"Anchukaitis, K.J., Horn, S.P., 2005. A 2000-year reconstruction of forest disturbance from southern Pacific Costa Rica. Palaeogeography, Palaeoclimatology, Palaeoecology 221, 35–54.",
51,NNeo,Cana Swamp 1,260,-77.6,7.8,-49,4220,,Reading Palaeofire,2303,"Bush, M.B., Colinvaux, P.A., 1994. Tropical forest disturbance: paleoecological records from Darien, Panama. Ecology 75, 1761–1768.",
52,NNeo,Lake Wodehouse  ,458,-77.6,7.7,22,5339,,Reading Palaeofire,2351,"Bush, M.B., Colinvaux, P.A., 1994. Tropical forest disturbance: paleoecological records from Darien, Panama. Ecology 75, 1761–1768.",
53,Amazonia,GeoB16224-1,-2510,-52.1,6.7,4944,23068,Pangaea,Pangaea,GeoB16224-1,"Akabane et al., under review. Slowdown of ocean circulation increases the vulnerability of northern Amazon forests",
54,TrAn,Laguna Ciega III,3385,-72.4,6.5,496,33234,Neotoma,,,"van der Hammen, T., J. Barelds, H. de Jong, and A.A. de Veer. 1981. Glacial sequence and environmental history in the Sierra Nevada del Cocuy (Colombia). Palaeogeography, Palaeoclimatology, Palaeoecology 32:247-340. ",
55,TrAn,Laguna Ciega I,3385,-72.4,6.5,389,33827,Neotoma,,,"van der Hammen, T., J. Barelds, H. de Jong, and A.A. de Veer. 1981. Glacial sequence and environmental history in the Sierra Nevada del Cocuy (Colombia). Palaeogeography, Palaeoclimatology, Palaeoecology 32:247-340. ",
56,TrAn,Llano Grande Mire,3455,-76.1,6.5,-51,17670,Neotoma,,,"Velásquez-R., C.A., and H. Hooghiemstra. 2013. Pollen-based 17-kyr forest dynamics and climate change from the Western Cordillera of Colombia; no-analogue associations and temporarily lost biomes. Review of Palaeobotany and Palynology 194:38-49. ",
57,TrAn,Valle de Lagunillas VII,3950,-72.3,6.4,108,8053,Neotoma,,,"Gonzalez, E., T. van der Hammen, and R.F. Flint. 1965. Late Quaternary glacial and vegetational sequence in Valle de Lagunillas, Sierra Nevada del Cocuy, Colombia. Leidse Geologische Mededelingen 32(1):157-182.",
58,TrAn,Valle de Lagunillas VIII,3950,-72.3,6.4,104,11314,Neotoma,,,"Gonzalez, E., T. van der Hammen, and R.F. Flint. 1965. Late Quaternary glacial and vegetational sequence in Valle de Lagunillas, Sierra Nevada del Cocuy, Colombia. Leidse Geologische Mededelingen 32(1):157-182.",
59,TrAn,Valle de Lagunillas V,3950,-72.3,6.4,894,14814,Neotoma,,,"Gonzalez, E., T. van der Hammen, and R.F. Flint. 1965. Late Quaternary glacial and vegetational sequence in Valle de Lagunillas, Sierra Nevada del Cocuy, Colombia. Leidse Geologische Mededelingen 32(1):157-182.",Neotoma (not used for Amazonia TRSH due to mangrove input)
60,TrAn,Valle de la Bocatoma XI,4363,-72.3,6.4,9541,13115,Neotoma,,,"Gonzalez, E., T. van der Hammen, and R.F. Flint. 1965. Late Quaternary glacial and vegetational sequence in Valle de Lagunillas, Sierra Nevada del Cocuy, Colombia. Leidse Geologische Mededelingen 32(1):157-182.",
61,TrAn,Valle de la Bocatoma IX,4363,-72.3,6.4,346,7840,Neotoma,,,"Gonzalez, E., T. van der Hammen, and R.F. Flint. 1965. Late Quaternary glacial and vegetational sequence in Valle de Lagunillas, Sierra Nevada del Cocuy, Colombia. Leidse Geologische Mededelingen 32(1):157-182.",
62,TrAn,Laguna de los Bobos,3324,-72.8,6.2,-8,8070,Neotoma,,,"van der Hammen, T. 1962. Palinologia de la region de â€œLaguna de los Bobosâ€: Historia de su clima, vegetacion y agricultura durante los ultimos 5.000 años. Revista de la Academia Colombiana de Ciencias Exactas, Físicas y Naturales 11(44):359-361.",
63,TrAn,Ciénaga del Visitador,3242,-72.8,6.2,-2,17943,Neotoma,,,"van der Hammen, T., and E. Gonzalez. 1965. A Late-glacial and Holocene pollen diagram from Cienaga del Visitador (Dept. Boyaca, Colombia). Leidse Geologische Mededelingen 32:193-201.",
64,TrAn,Pantano de Vargas 1,2507,-73.1,5.8,1650,10895,Neotoma,,,"Gómez, A., J.C. Berrío, H. Hooghiemstra, M. Becerra, and R. Marchant. 2007. A Holocene pollen record of vegetation change and human impact from Pantano de Vargas, an intra-Andean basin of Duitama, Colombia. Review of Palaeobotany and Palynology 145(1):143-157. ",
65,TrAn,Laguna de Fúquene,2615,-73.8,5.5,-13,45786,Neotoma,,,"van Geel, B., and T. van der Hammen. 1973. Upper Quaternary vegetational and climatic sequence of the Fuquene area (Eastern Cordillera, Colombia). Palaeogeography, Palaeoclimatology, Palaeoecology 14(1):9-92. ",
66,-,Apakara,2303,-62.2,5.3,66,6674,Manually extracted,Manually extracted,,"Rull, V., Montoya, E., 2017. Holocene vegetation dynamics on the Apakará summit of the neotropical Guayana Highlands and potential environmental drivers. Rev. Palaeobot. Palynol. 240, 22–32.",
67,TrAn,Páramo de Laguna Verde,3525,-74,5.2,-30,6522,Neotoma,,,"Kuhry, P. 1988. Palaeobotanical-palaeoecological studies of tropical high Andean peatbog sections (Cordillera Oriental, Colombia). Dissertationes Botanicae 116. J. Cramer, Berlin, Germany.",
68,Amazonia,Leg155,-3410,-47.1,5.2,4217,49375,Manually extracted,,,"Haberle, S.G., Maslin, M. a, 1999. Late Quaternary Vegetation and Climate Change in the Amazon Basin Based on a 50,000 Year Pollen Record from the Amazon Fan, ODP Site 932. Quat. Res. 51, 27–38",
69,TrAn,Páramo de Peña Negra 1,3404,-74.1,5.1,-33,18754,Neotoma,,,"Kuhry, P. 1988. Palaeobotanical-palaeoecological studies of tropical high Andean peatbog sections (Cordillera Oriental, Colombia). Dissertationes Botanicae 116. J. Cramer, Berlin, Germany.",
70,TrAn,Páramo de Agua Blanca 3,2821,-74.2,5,26,8883,Neotoma,,,"Kuhry, P. 1988. Palaeobotanical-palaeoecological studies of tropical high Andean peatbog sections (Cordillera Oriental, Colombia). Dissertationes Botanicae 116. J. Cramer, Berlin, Germany.",
71,TrAn,Páramo de Agua Blanca 2,2821,-74.2,5,70,9197,Neotoma,,,"Kuhry, P. 1988. Palaeobotanical-palaeoecological studies of tropical high Andean peatbog sections (Cordillera Oriental, Colombia). Dissertationes Botanicae 116. J. Cramer, Berlin, Germany.",
72,TrAn,Páramo de Agua Blanca 1,2821,-74.2,5,-35,407474,Neotoma,,,"Helmens, K.F. 1990. Neogene-Quaternary geology of the high plain of Bogotá, Eastern Cordillera, Colombia (stratigraphy, paleoenvironments and landscape evolution). Doctoral dissertation. University of Amsterdam, Amsterdam, The Netherlands.",
73,-,Laguna Sardinas,101,-69.5,5,-49,13860,Neotoma,,,"Behling, H., and H. Hooghiemstra. 1998. Late Quaternary palaeoecology and palaeoclimatology from pollen records of the savannas of the Llanos Orientales in Colombia. Palaeogeography, Palaeoclimatology, Palaeoecology 139(3-4):251-267. ",
74,TrAn,Rosarito,3469,-75.2,4.9,1588,30193,Neotoma,,,"van der Hammen, T., A.M. Cleef, and G.W. Noldus. 1995. A palynological record of the Rosarito pedo-tephro stratigraphical sequence (Central Cordillera, Colombia): vegetational history of the last 35,000 years. Pages 431-440 in T. van der Hammen and A.G. dos Santos, editors. La Cordillera Central Colombiana transecto Parque Los Nevados (tercera parte). Studies on tropical Andean ecosystems/Estudios de Ecosistemas Tropandinos 4. J. Cramer, Berlin, Germany.",
75,TrAn,Laguna de la Herrera,2593,-74.3,4.7,-2,6002,Neotoma,,,"van der Hammen, T., and E. Gonzalez. 1965. A pollen diagram from ""Laguna de la Herrera"" (Sabana de Bogota). Leidse Geologische Mededelingen 32(1):183-191.",
76,-,Laguna El Piñal,156,-71.5,4.7,894,22504,Neotoma,,,"Behling, H., and H. Hooghiemstra. 1999. Environmental history of the Colombian savannas of the Llanos Oriantales since the Last Glacial Maximum from lake records El Pinal and Carimagua. Journal of Paleolimnology 21(4):461-476. ",
77,-,Laguna Chenevo,161,-71.4,4.6,-53,8296,Neotoma,,,"Berrío Mogollón, J.C. 2002. Doctoral dissertation. Amsterdam, The Netherlands.",
78,-,Laguna Carimagua-Bosque,168,-71.3,4.6,-49,1170,Neotoma,,,"Berrio, J.C., H. Hooghiemstra, H. Behling, and K. van der Borg. 2000. Late Holocene history of savanna gallery forest from Carimagua area, Colombia. Review of Palaeobotany and Palynology 111(3-4):295-308. ",
79,-,Laguna Carimagua,170,-71.3,4.6,1175,9478,Neotoma,,,"Behling, H., and H. Hooghiemstra. 1999. Environmental history of the Colombian savannas of the Llanos Oriantales since the Last Glacial Maximum from lake records El Pinal and Carimagua. Journal of Paleolimnology 21(4):461-476. ",
80,-,Laguna Angel,181,-70.5,4.4,-49,11864,Neotoma,,,"Behling, H., and H. Hooghiemstra. 1998. Late Quaternary palaeoecology and palaeoclimatology from pollen records of the savannas of the Llanos Orientales in Colombia. Palaeogeography, Palaeoclimatology, Palaeoecology 139(3-4):251-267. ",
81,TrAn,Andabobos,3835,-74.3,4.1,408,18589,Neotoma,,,"Melief, A.B.M. 1985. Late Quaternary paleoecology of the Parque Nacional Natural los Nevados (Cordillera Central) and Sumapaz (Cordillera Oriental) areas, Colombia. Doctoral dissertation. Universiteit van Amsterdam, Amsterdam, The Netherlands.",
82,TrAn,Cuchilla La Rabona,3882,-74.3,4,-23,8089,Neotoma,,,"Melief, A.B.M. 1985. Late Quaternary paleoecology of the Parque Nacional Natural los Nevados (Cordillera Central) and Sumapaz (Cordillera Oriental) areas, Colombia. Doctoral dissertation. Universiteit van Amsterdam, Amsterdam, The Netherlands.",
83,TrAn,Laguna La Primavera,3709,-74.2,4,10521,13399,Neotoma,,,"Melief, A.B.M. 1985. Late Quaternary paleoecology of the Parque Nacional Natural los Nevados (Cordillera Central) and Sumapaz (Cordillera Oriental) areas, Colombia. Doctoral dissertation. Universiteit van Amsterdam, Amsterdam, The Netherlands.",
84,TrAn,Laguna La Primavera,3709,-74.2,4,19,8175,Neotoma,,,"Melief, A.B.M. 1985. Late Quaternary paleoecology of the Parque Nacional Natural los Nevados (Cordillera Central) and Sumapaz (Cordillera Oriental) areas, Colombia. Doctoral dissertation. Universiteit van Amsterdam, Amsterdam, The Netherlands.",
85,TrAn,Laguna Negra de Alsacia,3539,-74.1,4,1894,32122,Neotoma,,,"Melief, A.B.M. 1985. Late Quaternary paleoecology of the Parque Nacional Natural los Nevados (Cordillera Central) and Sumapaz (Cordillera Oriental) areas, Colombia. Doctoral dissertation. Universiteit van Amsterdam, Amsterdam, The Netherlands.",
86,-,Laguna Mozambique,187,-73.1,4,-20,3872,Neotoma,,,"Berrío Mogollón, J.C. 2002. Doctoral dissertation. Amsterdam, The Netherlands.",
87,TrAn,Laguna Gobernador,3659,-74.3,4,-26,12921,Neotoma,,,"Melief, A.B.M. 1985. Late Quaternary paleoecology of the Parque Nacional Natural los Nevados (Cordillera Central) and Sumapaz (Cordillera Oriental) areas, Colombia. Doctoral dissertation. Universiteit van Amsterdam, Amsterdam, The Netherlands.",
88,TrAn,Laguna La Guitarra,3656,-74.2,4,140,19192,Neotoma,,,"Melief, A.B.M. 1985. Late Quaternary paleoecology of the Parque Nacional Natural los Nevados (Cordillera Central) and Sumapaz (Cordillera Oriental) areas, Colombia. Doctoral dissertation. Universiteit van Amsterdam, Amsterdam, The Netherlands.",
89,Amazonia,Caracanã,112,-59.8,3.9,10071,49460,,Manually extracted,ME_Caracana,"Cordeiro, R.C., Turcq, B., Moreira, L.S., Rodrigues, R. de A.R., Lamego Simões Filho, F.F., Martins, G.S., Santos, A.B., Barbosa, M., Guilles da Conceição, M.C., Rodrigues, R. de C., Evangelista, H., Moreira-Turcq, P., Penido, Y.P., Sifeddine, A., Seoane, J.C.S., 2014. Palaeofires in Amazon: Interplay between land use change and palaeoclimatic events. Palaeogeogr. Palaeoclimatol. Palaeoecol. 415, 137–151. ",
90,Amazonia,Serra do Tepequem,522,-61.7,3.8,5129,7485,Neotoma,Reading Palaeofire,2027,"Rodríguez-Zorro, P.A., M.L. Costa, and H. Behling. 2017. Mid-Holocene vegetation dynamics with an early expansion of Mauritia flexuosa palm trees inferred from the Serra do Tepequém in the savannas of Roraima State in Amazonia, northwestern Brazil. Vegetation History and Archaeobotany 26(5):455-468. ",
91,Amazonia,Laguna Las Margaritas,262,-73.4,3.4,632,11100,Neotoma,Reading Palaeofire,2331,"Wille, M., H. Hooghiemstra, B. van Geel, H. Behling, A. de Jong, and K. van der Borg. 2003. Submillennium-scale migrations of the rainforestâ€“savanna boundary in Colombia: 14C wiggle-matching and pollen analysis of core Las Margaritas. Palaeogeography, Palaeoclimatology, Palaeoecology 193(2):201-223. ",
92,Amazonia,Laguna Loma Linda,244,-73.4,3.3,76,10206,Neotoma,,,"Behling, H., and H. Hooghiemstra. 2000. Holocene Amazon rainforestâ€“savanna dynamics and climatic implications: high-resolution pollen record from Laguna Loma Linda in eastern Colombia. Journal of Quaternary Science 15(7):687-695. ",
93,-,Quilichao,978,-76.5,3.1,-52,14547,Neotoma,Reading Palaeofire,2362,"Berrío, J.C., Hooghiemstra, H., Marchant, R., Rangel, O., 2002. Late-glacial and Holocene history of the dry forest area in the south Colombian Cauca Valley. Journal of Quaternary Science 17, 667–682.",
94,-,La Teta-2,995,-76.5,3.1,-50,10337,Neotoma,,,"Berrío Mogollón, J.C. 2002. Doctoral dissertation. Amsterdam, The Netherlands.",
95,-,La-Teta,995,-76.5,3.1,0,9687,,Reading Palaeofire,2321,"Berrío, J.C., Hooghiemstra, H., Marchant, R., Rangel, O., 2002. Late-glacial and Holocene history of the dry forest area in the south Colombian Cauca Valley. Journal of Quaternary Science 17, 667–682.",
96,-,Pantano de Genagra,1748,-76.6,2.5,-28,52000,Neotoma,,,"Wille, M., H. Hooghiemstra, H. Behling, K. van der Borg, and A.J. Negret. 2001. Environmental change in the Colombian subandean forest belt from 8 pollen records: the last 50 kyr. Vegetation History and Archaeobotany 10(2):61-77. ",
97,-,Piagua,1700,-76.8,2.4,-50,21911,Neotoma,,,"Wille, M., H. Hooghiemstra, H. Behling, K. van der Borg, and A.J. Negret. 2001. Environmental change in the Colombian subandean forest belt from 8 pollen records: the last 50 kyr. Vegetation History and Archaeobotany 10(2):61-77.",
98,-,Rio Timbio,1773,-76.7,2.4,136,32512,Neotoma,,,"Wille, M. 2001. Vegetation history and climate records of Colombian lowland areas: rain forest, savanna and intermontane ecosystems. Doctoral dissertation. University of Amsterdam, Amsterdam, The Netherlands.",
99,-,Potrerillo-2,642,-77.1,2.1,0,9463,Neotoma,,,"González-Carranza, Z., J.C. Berrío, H. Hooghiemstra, J.F. Duivenvoorden, and H. Behling. 2008. Changes of seasonally dry forest in the Colombian Patía Valley during the early and middle Holocene and the development of a dry climatic record for the northernmost Andes. Review of Palaeobotany and Palynology 152(1-2):1-10. ",
100,-,El Patia,1000,-77,2,0,9675,Neotoma,Reading Palaeofire,2310,"Vélez, M.I., Berrío, J.C., Hooghiemstra, H., Metcalfe, S., Marchant, R., 2005. Palaeoenvironmental changes during the last ca. 8590 calibrated yr (7800 radiocarbon yr) in the dry forest ecosystem of the Patía Valley, Southern Colombian Andes: a multiproxy approach. Palaeogeography, Palaeoclimatology, Palaeoecology 216, 279–302.",
101,-,El Patía-1,600,-77.1,2,-53,9899,Neotoma,,,"Vélez, M.I., J.C. Berrio, H. Hooghiemstra, S. Metcalfe, and R. Marchant. 2005. Palaeoenvironmental changes during the last ca. 8590 calibrated yr (7800 radiocarbon yr) in the dry forest ecosystem of the Patía Valley, Southern Colombian Andes: a multiproxy approach. Palaeogeography, Palaeoclimatology, Palaeoecology 216(3-4):279-302. ",
102,-,Laguna Piusbi [Laguna El Trueno],126,-77.9,1.9,-240,6147,Neotoma,,,"Behling, H., H. Hooghiemstra, and A.J. Negret. 1998. Holocene history of the Chocó rain forest from Laguna Piusbi, southern Pacific Lowlands of Colombia. Quaternary Research 50(3):300-308. ",
103,NEB,GeoB16205-4,-4282,-43.1,1.4,10013,13062,Pangaea,Pangaea,GeoB16205-4,"Bouimetarhan, I., Chiessi, C.M., González-Arango, C., Dupont, L., Voigt, I., Prange, M., Zonneveld, K., 2018. Intermittent development of forest corridors in northeastern Brazil during the last deglaciation: Climatic and ecologic evidence. Quat. Sci. Rev. 192, 86–96. ",
104,TrAn,Laguna De La Cocha,2824,-77.2,1.1,-57,3782,Neotoma,Neotoma,5050,"Epping, I. 2009. Environmental change in the Colombian upper forest belt. Master's thesis. University of Amsterdam, Amsterdam, The Netherlands.",
105,Amazonia,Lake Pata 2,165,-66.7,0.3,-59,7593,Neotoma,,,"Nascimento, M.N., G.S. Martins, R.C. Cordeiro, B. Turcq, L.S. Moreira, and M.B. Bush. 2019. Vegetation response to climatic changes in western Amazonia over the last 7,600 years. Journal of Biogeography 46:2389-2406. ",
106,Amazonia,Lake Pata,165,-66.7,0.3,-3,25329,Neotoma,,,"Colinvaux, P.A., P.E. De Oliveira, J.E. Moreno, M.C. Miller, and M.B. Bush. 1996. A long pollen record from lowland Amazonia: forest and cooling in glacial times. Science 274:85-88.",
107,Amazonia,Lake Pata,88,-66.1,0.3,455,48202,,Reading Palaeofire,2346_1,"Bush, M.B., de Oliveira, P.E., 2006. The rise and fall of the Refugial Hypothesis of Amazonian speciation: a paleoecological perspective. Biota Neotropica 6.",
108,TrAn,Mojanda,3748,-78.25,0.13,-60,3400,Neotoma,Neotoma,5051,"Villota, A., H. Behling, and S. León-Yánez. 2017. Three millennia of vegetation and environmental dynamics in the Lagunas de Mojanda region, northern Ecuador. Acta Palaeobotanica 57:407-421. 10.1515/acpa-2017-0016.",
109,TrAn,Cayambe,3978,-78,0,360,6224,Neotoma,,,"Graf, K. 1992. Pollendiagramme aus den Anden: Eine Synthese zur Klimageschichte und Vegetationsentwicklung seit der letzten Eiszeit. Physische Geographie 34. Universität Zürich-Irchel, Geographisches Institut, Zürich, Switzerland.",
110,Amazonia,Lake Acarabixi,46,-64.5,-0.3,776,10886,Neotoma,Reading Palaeofire,2038,"Rodríguez-Zorro, P.A., B. Turcq, R.C. Cordeiro, L.S. Moreira, R.L. Costa, C.H. McMichael, and H. Behling. 2018. Forest stability during the early and late Holocene in the igapó floodplains of the Rio Negro, northwestern Brazil. Quaternary Research 89(1):75-89. ",
111,TrAn,Lake Huila,2661,-78,-0.4,-63,670,Neotoma,,,"Loughlin, N.J.D. 2018. Changing human impact on the montane forests of the eastern Andean flank, Ecuador. Doctoral dissertation. The Open University, Milton Keynes, United Kingdom.",
112,Amazonia,Quebrada del Amor,194,-72.4,-0.6,-58,154,Neotoma,,,"Berrío, J.C., M.V. Arbeláez, J.F. Duivenvoorden, A.M. Cleef, and H. Hooghiemstra. 2003. Pollen representation and successional vegetation change on the sandstone plateau of Araracuara, Colombian Amazonia. Review of Palaeobotany and Palynology 126(3-4):163-181. ",
113,Amazonia,Lago Crispim,12,-47.6,-0.6,-19,8487,,Reading Palaeofire,2323,"Behling, H., da Costa, M.L., 2001. Holocene vegetational and coastal environmental changes from the Lago Crispim record in northeastern Pará State, eastern Amazonia. Review of Palaeobotany and Palynology 114, 145–155.",
114,Amazonia,Maxus-Core 5,250,-76.5,-0.7,-50,42750,Neotoma,Reading Palaeofire,173,"Athens, J.S., Ward, J.V., 1999. The Late Quaternary of the Western Amazon: climate, vegetation and humans. Antiquity 73, 287–302.",
115,Amazonia,Pantano de Mônica 1,128,-72.1,-0.7,4023,15329,Neotoma,,,"Behling, H., J.C. Berrio, and H. Hooghiemstra. 1999. Late Quaternary pollen records from the middle Caquetá river basin in central Colombian Amazon. Palaeogeography, Palaeoclimatology, Palaeoecology 135(1-3):193-213. ",
116,Amazonia,Pantano de Mônica 3,128,-72.1,-0.7,-48,3803,Neotoma,,,"Behling, H., J.C. Berrio, and H. Hooghiemstra. 1999. Late Quaternary pollen records from the middle Caquetá river basin in central Colombian Amazon. Palaeogeography, Palaeoclimatology, Palaeoecology 135(1-3):193-213. ",
117,Amazonia,Pantano de Mônica 2,128,-72.1,-0.7,-51,4481,Neotoma,,,"Behling, H., J.C. Berrio, and H. Hooghiemstra. 1999. Late Quaternary pollen records from the middle Caquetá river basin in central Colombian Amazon. Palaeogeography, Palaeoclimatology, Palaeoecology 135(1-3):193-213. ",
118,Amazonia,Lagoa da Curuca,21,-47.9,-0.8,0,10750,Neotoma,Reading Palaeofire,2326,"Behling, H. 1996. First report on new evidence for the occurrence of Podocarpus and possible human presence at the mouth of the Amazon during the Late-glacial. Vegetation History and Archaeobotany 5:241-246.",
119,TrAn,Anteojos Valley,3984,-78.4066,-0.9657,-53,3946,Neotoma,Neotoma,5052,"Villota, A., S. León-Yánez, and H. Behling. 2015. Mid- and late Holocene vegetation and environmental dynamics in the Llanganates National Park, Anteojos Valley, central Ecuadorian Andes. Palynology 39(3):350-361. [DOI: http://dx.doi.org/10.1080/01916122.2014.977404]",
120,Amazonia,Santa Maria,57,-53.6,-1.6,15,9041,,Reading Palaeofire,389,"Bush, M.B., Silman, M.R., de Toledo, M.B., Listopad, C., Gosling, W.D., Williams, C., de Oliveira, P.E., Krisel, C., 2007. Holocene fire and occupation in Amazonia: records from two lake districts. Philosophical Transactions of the Royal Society B: Biological Sciences 362, 209–218.",
121,Amazonia,Comprida,170,-54,-1.6,656,10613,,Reading Palaeofire,2306,"Bush, M.B., Miller, M.C., de Oliveira, P.E., Colinvaux, P.A., 2000. Two histories of environmental change and human disturbance in eastern lowland Amazonia. The Holocene 10, 543–553.",
122,Amazonia,Geral   C,34,-53.6,-1.6,66,8265,,Reading Palaeofire,2316,"Bush, M.B., Miller, M.C., de Oliveira, P.E., Colinvaux, P.A., 2000. Two histories of environmental change and human disturbance in eastern lowland Amazonia. The Holocene 10, 543–553.",
123,Amazonia,Saracuri  ,31,-53.6,-1.7,8,8487,,Reading Palaeofire,388,"Bush, M.B., Silman, M.R., de Toledo, M.B., Listopad, C., Gosling, W.D., Williams, C., de Oliveira, P.E., Krisel, C., 2007. Holocene fire and occupation in Amazonia: records from two lake districts. Philosophical Transactions of the Royal Society B: Biological Sciences 362, 209–218.",
124,Amazonia,Rio Curua  ,36,-51.5,-1.7,0,8751,,Reading Palaeofire,2364,"Behling, H., da Costa, M.L., 2000. Holocene environmental changes from the Rio Curuá record in the Caxiuanã region, eastern Amazon Basin. Quaternary Research 53, 369–377.",
125,TrAn,Laguna Pallcacocha  ,3918,-79.2,-2.8,9675,14682,Neotoma,Reading Palaeofire,2334,"Hansen, B.C.S., Rodbell, D.T., Seltzer, G.O., León, B., Young, K.R., Abbott, M., 2003. Late-glacial and Holocene vegetational history from two sites in the western Cordillera of southwestern Ecuador. Palaeogeography, Palaeoclimatology, Palaeoecology 194, 79–108.",
126,TrAn,Laguna Chorreras,3918,-79.2,-2.8,-45,19561,Neotoma,Reading Palaeofire,2328,"Hansen, B.C.S., D.T. Rodbell, G.O. Seltzer, B. León, K.R. Young, and M. Abbott. 2003. Late-glacial and Holocene vegetational history from two sites in the western Cordillera of southwestern Ecuador. Palaeogeography, Palaeoclimatology, Palaeoecology 194(1-3):79-108. ",
127,Amazonia,Lake Caranã,74,-55,-2.8,-61,8608,Neotoma,Reading Palaeofire,ME_Carana,"Maezumi, S.Y., Robinson, M., de Souza, J., Urrego, D.H., Schaan, D., Alves, D., Iriarte, J., 2018. New insights from Pre-Columbian land use and fire management in Amazonian dark earth forests. Frontiers in Ecology and Evolution 6.",
128,Amazonia,Lake Kumpaka,477,-78,-2.8,-66,2544,Neotoma,,,"Åkesson, C.M., C.N.H. McMichael, M.F. Raczka, S.N. Huisman, M. Palmeira, J. Vogel, D. Neill, J. Veizaj, and M.B. Bush. 2021. Long-term ecological legacies in western Amazonia. Journal of Ecology. ",
129,TrAn,Llaviucu,3519,-79.1,-2.8,-60,12848,Neotoma,,,"Nascimento, M.N., N.A.S. Mosblech, M.F. Raczka, S. Baskin, K.E. Manrique, J. Wilger, L. Giosan, X. Benito, and M.B. Bush. 2020. The adoption of agropastoralism and increased ENSO frequency in the Andes. Quaternary Science Reviews 243:106471. ",
130,NEB,Caco MA97-1,84,-43.3,-3,1,22075,Manually extracted,Reading Palaeofire,2141,"Ledru, M.-P., Ceccantini, G., Marques Gouveia, S.E., López-Sáez, J.A., Ruiz Pessenda, L.C., de Souza Ribeiro, A., 2006. Millenial-scale climatic and vegetation changes in a northern Cerrado (Northeast, Brazil) since the Last Glacial Maximum. Quaternary Science Reviews 25, 1110–1126.",
131,Amazonia,Surucucho  ,386,-78,-3.1,386,21358,,Reading Palaeofire,2369,"Colinvaux, P.A., Bush, M.B., Steinitz-Kannan, M., Miller, M.C., 1997. Glacial and postglacial pollen records from the Ecuadorian Andes and Amazon. Quaternary Research 48, 69–78.",
132,Amazonia,Lago Formoso,17,-45.4,-3.3,503,7799,,Neotoma,5018,"Alves de Moraes, Caio; Lima da Costa, Marcondes; Guida Navarro, Alexandre; Nunes da Silva Meneses, Maria Ecilene; Boiadeiro Ayres Negrão, Leonardo; Pöllmann, Herbert; Behling, Hermann (2021): Holocene coastal environmental changes inferred by multi-proxy analysis from Lago Formoso sediments in Maranhão State, northeastern Brazil. Quaternary Science Reviews, 273, 107234",
133,NEB,GeoB 3104-1,-1431,-37.6,-3.7,9897,49073,Manually extracted,,,"Behling, H., W. Arz, H., Pätzold, J., Wefer, G., 2000. Late Quaternary vegetational and climate dynamics in northeastern Brazil, inferences from marine core GeoB 3104-1. Quat. Sci. Rev. 19, 981–994.",
134,TrAn,El Tiro Bog  ,2265,-79.1,-3.8,44,20000,,Reading Palaeofire,2208,"Niemann, H., Behling, H., 2008. Late Quaternary vegetation, climate and fire dynamics inferred from the El Tiro record in the southeastern Ecuadorian Andes. Journal of Quaternary Science 23, 203–212.",
135,NEB,Maranguape,483,-38.7,-3.9,932,5361,Neotoma,,,"Montade, V., M.-P. Ledru, J. Burte, E.S.P.R. Martins, C.F. Verola, I.R.d. Costa, and F.H. Magalhães e Silva. 2014. Stability of a Neotropical microrefugium during climatic instability. Journal of Biogeography 41(6):1215-1226. ",
136,TrAn,Laguna Zurita  ,2336,-79.1,-4,-65,1165,Neotoma,Reading Palaeofire,2047,"Niemann, H., and H. Behling. 2010. Late Holocene environmental change and human impact inferred from three soil monoliths and the Laguna Zurita multi-proxi record in the southeastern Ecuadorian Andes. Vegetation History Archaeobotany 19:1-15. ",
137,TrAn,ECSF Refugio  ,2260,-79.1,-4,407,843,,Reading Palaeofire,2048,"Niemann, H., Behling, H., 2009. Late Holocene environmental change and human impact inferred from three soil monoliths and the Laguna Zurita multi-proxi record in the southeastern Ecuadorian Andes. Vegetation History and Archaeobotany 19, 1–15.",
138,TrAn,EL Tiro-Pass,2617,-79.1,-4,143,19929,Neotoma,Neotoma,5053,"Niemann, H., and H. Behling. 2008. Late Quaternary vegetation, climate and fire dynamics inferred from the El Tiro record in the southeastern Ecuadorian Andes. Journal of Quaternary Science 23:203-212. ",
139,TrAn,Estacíon Científica SF Cerro de Consuelo,2738,-79.1,-4,636,1402,Neotoma,,,"Niemann, H., and H. Behling. 2010. Late Holocene environmental change and human impact inferred from three soil monoliths and the Laguna Zurita multi-proxi record in the southeastern Ecuadorian Andes. Vegetation History Archaeobotany 19:1-15. ",
140,TrAn,ECSF Cerro de Consuelo  ,2738,-79.1,-4,503,1435,,Reading Palaeofire,2050,"Niemann, H., Behling, H., 2009. Late Holocene environmental change and human impact inferred from three soil monoliths and the Laguna Zurita multi-proxi record in the southeastern Ecuadorian Andes. Vegetation History and Archaeobotany 19, 1–15.",
141,TrAn,Cocha Caranga Mire,2710,-79.2,-4,-15,1647,Neotoma,Reading Palaeofire,2033,"Niemann, H., Behling, H., 2009. Late Pleistocene and Holocene environmental change inferred from the Cocha Caranga sediment and soil records in the southeastern Ecuadorian Andes. Palaeogeography, Palaeoclimatology, Palaeoecology 276, 1–14.",
142,TrAn,Laguna Cocha Caranga  ,2710,-79.2,-4,-55,13552,Neotoma,Reading Palaeofire,2031,"Niemann, H., Behling, H., 2009. Late Pleistocene and Holocene environmental change inferred from the Cocha Caranga sediment and soil records in the southeastern Ecuadorian Andes. Palaeogeography, Palaeoclimatology, Palaeoecology 276, 1–14.",
143,TrAn,Cocha Caranga Forest,2700,-79.2,-4,-55,109,Neotoma,,,"Niemann, H., Behling, H., 2009. Late Pleistocene and Holocene environmental change inferred from the Cocha Caranga sediment and soil records in the southeastern Ecuadorian Andes. Palaeogeography, Palaeoclimatology, Palaeoecology 276, 1–14.",
144,Amazonia,San Jorge,105,-73.2,-4.1,-41,2437,Neotoma,,,"Kelly, T.J., I.T. Lawson, K.H. Roucoux, T.R. Baker, T.D. Jones, and N.K. Sanderson. 2017. The vegetation history of an Amazonian domed peathland. Palaeogeography, Palaeoclimatology, Palaeoecology 468:129-141. ",
145,TrAn,Valle Pequeño,2501,-79.2,-4.1,-57,1633,Neotoma,,,"Rodríguez, F. 2012. Reconstruction of Late Quaternary landscape dynamics in the Podocarpus National Park region, southern Andes of Ecuador. Doctoral dissertation. Georg August University, GÃ¶ttingen, Germany.",
146,TrAn,Valle Pequeno  ,2501,-79.2,-4.1,-29,1558,,Reading Palaeofire,2045,"Rodríguez, F., Behling, H., 2010. Late Holocene vegetation, fire, climate and upper forest line dynamics in the Podocarpus National Park, southeastern Ecuador. Vegetation History and Archaeobotany 20, 1–14.",
147,TrAn,Cajanuma valley,2985,-79.2,-4.1,-62,18124,Neotoma,,,"Villota, A., and H. Behling. 2014. Late Glacial and Holocene environmental change inferred from the páramo of Cajanuma in the Podocarpus National Park, southern Ecuador. Caldasia 36(2):345-364. ",
148,NEB,GeoB 3910-2,-2337,-36.4,-4.3,12260,19630,Pangaea,,,"Dupont, L.M., Schlütz, F., Ewah, C.T., Jennerjahn, T.C., Paul, A., Behling, H., 2009. Two-step vegetation response to enhanced precipitation in Northeast Brazil during Heinrich event 1. Glob. Chang. Biol. 16, 1647–1660. ",
149,TrAn,Laguna Rabadilla de Vaca  ,3355,-79.1,-4.3,204,11140,Neotoma,Reading Palaeofire,2046,"Niemann, H., Haberzettl, T., Behling, H., 2009. Holocene climate variability and vegetation dynamics inferred from the (11700 cal. yr BP) Laguna Rabadilla de Vaca sediment record, southeastern Ecuadorian Andes. The Holocene 19, 307–316.",
150,TrAn,Rabadilla de Vaca mire,3355,-79.1,-4.3,-55,2053.029,Neotoma,,,"Rodríguez, F., and H. Behling. 2011. Late Holocene vegetation, fire, climate and upper forest line dynamics in the Podocarpus National Park, southeastern Ecuador. Vegetation History and Archaeobotany 20:1-14. ",
151,TrAn,Rabadilla de Vaca mire  ,3355,-79.1,-4.3,-14,1958,,Reading Palaeofire,2044,"Rodríguez, F., Behling, H., 2010. Late Holocene vegetation, fire, climate and upper forest line dynamics in the Podocarpus National Park, southeastern Ecuador. Vegetation History and Archaeobotany 20, 1–14.",
152,TrAn,Cerro Toledo CTB  ,2990,-79.1,-4.4,-103,18086,Neotoma,Reading Palaeofire,2043,"Brunschön, C., Behling, H., 2009. Late Quaternary vegetation, fire and climate history reconstructed from two cores at Cerro Toledo, Podocarpus National Park, southeastern Ecuadorian Andes. Quaternary Research 72, 388–399.",
153,TrAn,Cerro Toledo,2990,-79.1,-4.4,74,6272,Neotoma,Reading Palaeofire,2042,"Rodríguez, F., Behling, H., 2012. Late Quaternary vegetation, climate and fire dynamics, and evidence of early to mid-Holocene Polylepis forests in the Jimbura region of the southernmost Ecuadorian Andes. Palaeogeography, Palaeoclimatology, Palaeoecology 350-352, 247–257.",
154,TrAn,Lagunas Natosas Bosque  ,3458,-79.4,-4.7,54,14355,Neotoma,Reading Palaeofire,2053,"Rodríguez, F., Behling, H., 2012. Late Quaternary vegetation, climate and fire dynamics, and evidence of early to mid-Holocene Polylepis forests in the Jimbura region of the southernmost Ecuadorian Andes. Palaeogeography, Palaeoclimatology, Palaeoecology 350-352, 247–257.",
155,Amazonia,Carajas,355,-50.2,-6,12,7747,,Reading Palaeofire,790,"Cordeiro, R.C., Turcq, B., Suguio, K., Oliveira da Silva, A., Sifeddine, A., Volkmer-Ribeiro, C., 2008. Holocene fires in East Amazonia (Carajás), new evidences, chronology and relation with paleoclimate. Global and Planetary Change 61, 49–62.",
156,Amazonia,Carajas,643,-50.3,-6.3,58,54923,Manually extracted,Manually extracted,ME_Carajas,"Hermanowski, B., da Costa, M.L., Carvalho, A.T., Behling, H., 2012. Palaeoenvironmental dynamics and underlying climatic changes in southeast Amazonia (Serra Sul dos Carajás, Brazil) during the late Pleistocene and Holocene. Palaeogeogr. Palaeoclimatol. Palaeoecol. 365–366, 227–246.",
157,TrAn,Laguna de Chochos  ,3557,-77.5,-7.6,137,18133,Neotoma,Reading Palaeofire,2330,"Bush, M.B., Hansen, B.C.S., Rodbell, D.T., Seltzer, G.O., Young, K.R., León, B., Abbott, M.B., Silman, M.R., Gosling, W.D., 2005. A 17 000-year history of Andean climate and vegetation change from Laguna de Chochos, Peru. Journal of Quaternary Science 20, 703–714.",
158,Amazonia,Humaitá,82,-63.8,-8.2,4,6337,,Manually extracted,ME_Humaita,"Cohen, M.C.L., Rossetti, D.F., Pessenda, L.C.R., Friaes, Y.S., Oliveira, P.E., 2014. Late Pleistocene glacial forest of Humaitá-Western Amazonia. Palaeogeogr. Palaeoclimatol. Palaeoecol. 415, 37–47.",
159,NEB,Catimbau,690,-37.2,-8.5,-39,9688,Manually extracted,,,"de Medeiros, V.B., de Oliveira, P.E., Santos, R.A., Barreto, A.M.F., de Oliveira, M.A.T., Pinaya, J.L.D., 2018. New holocene pollen records from the Brazilian Caatinga. An. Acad. Bras. Cienc. 90, 2011–2023.",
160,Amazonia,Lago do Saci,218,-56.3,-9.1,1301,35064,,Manually extracted,ME_SaciLake,"Cordeiro, R.C., Turcq, B., Moreira, L.S., Rodrigues, R. de A.R., Lamego Simões Filho, F.F., Martins, G.S., Santos, A.B., Barbosa, M., Guilles da Conceição, M.C., Rodrigues, R. de C., Evangelista, H., Moreira-Turcq, P., Penido, Y.P., Sifeddine, A., Seoane, J.C.S., 2014. Palaeofires in Amazon: Interplay between land use change and palaeoclimatic events. Palaeogeogr. Palaeoclimatol. Palaeoecol. 415, 137–151. ",
161,Amazonia,Lago do Saci,218,-56.3,-9.1,1222,33165,Manually extracted,,,"Fontes, D., Cordeiro, R.C., Martins, G.S., Behling, H., Turcq, B., Sifeddine, A., Seoane, J.C.S., Moreira, L.S., Rodrigues, R.A., 2017. Paleoenvironmental dynamics in South Amazonia, Brazil, during the last 35,000 years inferred from pollen and geochemical records of Lago do Saci. Quat. Sci. Rev. 173, 161–180.",
162,NEB,Saquinho  ,490,-43.2,-10.4,378,13063,Manually extracted,Reading Palaeofire,2366,"de Oliveira, P.E., Barreto, A.M.F., Suguio, K., 1999. Late Pleistocene/Holocene climatic and vegetational history of the Brazilian caatinga: the fossil dunes of the middle São Francisco River. Palaeogeography, Palaeoclimatology, Palaeoecology 152, 319–337.",
163,CEB,Confusão lake,182,-49.7,-10.6,89,6980,Manually extracted,,,"Behling, H., 2002. Late Quaternary vegetation and climate dynamics in southeastern Amazonia inferred from Lagoa da Confusão Tocantins State, northern Brazil. Amazoniana 17, 27–39.",
164,TrAn,Laguna Huatacocha,4686,-76.6,-10.8,0,10616,Neotoma,,,"Hansen, B.C.S., H.E. Wright, Jr., and J.P. Bradbury. 1984. Pollen studies in the Junín area, central Peruvian Andies. Geological Society of America Bulletin 95:1454-1465.",
165,TrAn,Laguna Junín,4103,-76.2,-11,3344,36361,Neotoma,,,"Hansen, B.C.S., H.E. Wright, Jr., and J.P. Bradbury. 1984. Pollen studies in the Junín area, central Peruvian Andies. Geological Society of America Bulletin 95:1454-1465.",
166,TrAn,Laguna Milloc,4657,-76.4,-11.6,42,14613,Neotoma,,,"Graf, K. 1992. Pollendiagramme aus den Anden: Eine Synthese zur Klimageschichte und Vegetationsentwicklung seit der letzten Eiszeit. Physische Geographie 34. Universität Zürich-Irchel, Geographisches Institut, Zürich, Switzerland.",
167,TrAn,Laguna Paca,3429,-75.5,-11.7,0,5408,Neotoma,,,"Hansen, B.C.S., G.O. Seltzer, and H.E. Wright, Jr. 1994. Late Quaternary vegetational change in the central Peruvian Andes. Palaeogeography, Palaeoclimatology, Palaeoecology 109:263-285.",
168,Amazonia,Werth,319,-69.2,-11.7,0,3137,,DRYAD ,2374,"Bush, M.B., Silman, M.R., Listopad, C.M.C.S., 2007. A regional study of Holocene climate change and human occupation in Peruvian Amazonia. Journal of Biogeography 34, 1342–1356. (doi:10.5061/dryad.nzs7h44r0)",
169,TrAn,Laguna Pomacocha,4479,-75.3,-11.8,-92,12747,Neotoma,,,"Hansen, B.C.S., G.O. Seltzer, and H.E. Wright, Jr. 1994. Late Quaternary vegetational change in the central Peruvian Andes. Palaeogeography, Palaeoclimatology, Palaeoecology 109:263-285.",
170,TrAn,Laguna Jeronimo,4479,-75.2,-11.8,-105,13457,Neotoma,,,"Hansen, B.C.S., G.O. Seltzer, and H.E. Wright, Jr. 1994. Late Quaternary vegetational change in the central Peruvian Andes. Palaeogeography, Palaeoclimatology, Palaeoecology 109:263-285.",
171,Amazonia,Parker,264,-69,-12.1,0,8422,,DRYAD,2357,"Bush, M.B., Silman, M.R., Listopad, C.M.C.S., 2007. A regional study of Holocene climate change and human occupation in Peruvian Amazonia. Journal of Biogeography 34, 1342–1356. (doi:10.5061/dryad.nzs7h44r0)",
172,Amazonia,Gentry,265,-69.1,-12.2,0,8034,,DRYAD,2315,"Bush, M.B., Silman, M.R., Listopad, C.M.C.S., 2007. A regional study of Holocene climate change and human occupation in Peruvian Amazonia. Journal of Biogeography 34, 1342–1356. (doi:10.5061/dryad.nzs7h44r0)",
173,Amazonia,Vargas,248,-68.9,-12.4,44,8101,,DRYAD,2372,"Bush, M.B., Silman, M.R., Listopad, C.M.C.S., 2007. A regional study of Holocene climate change and human occupation in Peruvian Amazonia. Journal of Biogeography 34, 1342–1356. (doi:10.5061/dryad.nzs7h44r0)",
174,Amazonia,Lago Rogaguado,146,-66,-13,-41,7922,Neotoma,Reading Palaeofire,2040,"Brugger, S.O., E. Gobet, J.F.N. van Leeuwen, M.-P. Ledru, D. Colombaroli, W.O. van der Knaap, U. Lombardo, K. Escobar-Torrez, W. Finsinger, L. Rodrigues, A. Giesche, M. Zarate, H. Veit, and W. Tinner. 2016. Long-term man-environment interactions in the Bolivian Amazon: 8000 years of vegetation dynamics. Quaternary Science Reviews 132:114-128. ",
175,TrAn,Lake Refugio 1,3149,-71.7,-13.1,-59,19060,Neotoma,,,"Urrego, D.H., B.A. Niccum, C.F. La Drew, M.R. Silman, and M.B. Bush. 2011. Fire and drought as drivers of early Holocene tree line changes in the Peruvian Andes. Journal of Quaternary Science 26(1):28-36. ",
176,TrAn,Lake Refugio 2,3149,-71.7,-13.1,-58,22108,Neotoma,Reading Palaeofire,2035,"Urrego, D.H., B.A. Niccum, C.F. La Drew, M.R. Silman, and M.B. Bush. 2011. Fire and drought as drivers of early Holocene tree line changes in the Peruvian Andes. Journal of Quaternary Science 26(1):28-36. ",
177,TrAn,Lake Refugio 3,3149,-71.7,-13.1,-59,13363,Neotoma,,,"Urrego, D.H., B.A. Niccum, C.F. La Drew, M.R. Silman, and M.B. Bush. 2011. Fire and drought as drivers of early Holocene tree line changes in the Peruvian Andes. Journal of Quaternary Science 26(1):28-36. ",
178,TrAn,Marcacocha,4024,-72.2,-13.2,148,4004,,Reading Palaeofire,783,"Chepstow-Lusty, A.J., Bennett, K.D., Fjeldså, J., Kendall, A., Galiano, W., Tupayachi Herrera, A., 1998. Tracing 4,000 Years of environmental history in the Cuzco area, Peru, from the pollen record. Mountain Research and Development 18, 159.",
179,Amazonia,Laguna Granja,142,-63.7,-13.3,0,6135,Neotoma,,,"Carson, J.F., B.S. Whitney, F.E. Mayle, J. Iriarte, H. Prum?ers, J.D. Soto, and J. Watling. 2014. Environmental impact of geometric earthwork construction in pre-Columbian Amazonia. Proceedings of the National Academy of Sciences of the United States of America 111(29):10497-10502. ",
180,Amazonia,Laguna Orí,141,-63.5,-13.3,0,5683,Neotoma,,,"Carson, J.F., B.S. Whitney, F.E. Mayle, J. Iriarte, H. Prum?ers, J.D. Soto, and J. Watling. 2014. Environmental impact of geometric earthwork construction in pre-Columbian Amazonia. Proceedings of the National Academy of Sciences of the United States of America 111(29):10497-10502. ",
181,TrAn,Laguna de Pacucha,3427,-73.5,-13.6,5732,19824,,Reading Palaeofire,2161,"Valencia, B.G., Urrego, D.H., Silman, M.R., Bush, M.B., 2010. From ice age to modern: a record of landscape change in an Andean cloud forest. Journal of Biogeography 37, 1637–1647.",
182,TrAn,Laguna de Pacucha,3221,-73.3,-13.6,-56,25207,Neotoma,,,"Hillyer, R., B.G. Valencia, M.B. Bush, M.R. Silman, and M. Steinitz-Kannan. 2009. A 24,700-yr paleolimnological history from the Peruvian Andes. Quaternary Research 71(1):71-82. ",
183,Amazonia,Laguna Bella Vista,193,-61.6,-13.6,54,56659,Neotoma,Reading Palaeofire,2138,"Burbridge, R.E., Mayle, F.E., Killeen, T.J., 2004. Fifty-thousand-year vegetation and climate history of Noel Kempff Mercado National Park, Bolivian Amazon. Quaternary Research 61, 215–230.",
184,Amazonia,Lake Consuelo,924,-69,-14,5143,46627,Neotoma,,,"Urrego Sanchez, D.H. 2006. Long-term vegetation and climate change in western Amazonia. Doctoral dissertation. Florida Institute of Technology, Melbourne, Florida, USA.",
185,Amazonia,Lake Consuelo,924,-69,-14,303,5264,Neotoma,,,"Urrego Sanchez, D.H. 2006. Long-term vegetation and climate change in western Amazonia. Doctoral dissertation. Florida Institute of Technology, Melbourne, Florida, USA.",
186,CEB,Chapada dos Veadeiros,1000,-47.5,-14,2020,18200,Manually extracted,Manually extracted,ME_ChapadaVeadeiros,"Ferraz-Vicentini, K. R.: História do Fogo no Cerrado: Uma Análise palinológica (PhD Dissertation), Universidade de Brasília, 1999.",
187,Amazonia,Lake Chalalan,396,-67.9,-14.4,247,15985,Neotoma,Reading Palaeofire,2338,"Urrego, D.H., 2006. Long-term Vegetation and Climate Change in Western Amazonia (PhD Dissertation). Biological Sciences. Florida Institute of Technology, Melbourne, FL.",
188,Amazonia,Laguna Chaplin LCH,171,-61.1,-14.5,-59,56152,Neotoma,Reading Palaeofire,2137,"Burbridge, R.E., Mayle, F.E., Killeen, T.J., 2004. Fifty-thousand-year vegetation and climate history of Noel Kempff Mercado National Park, Bolivian Amazon. Quaternary Research 61, 215–230.",
189,Amazonia,Lake Santa Rosa,350,-67.9,-14.5,167,16235,Neotoma,Reading Palaeofire,2347,"Urrego, D.H., M.B. Bush, M.R. Silman, B.A. Niccum, P. De la Rosa, C.H. McMichael, S. Hagen, and M. Palace. 2013. Holocene fires, forest stability and human occupation in south-western Amazonia. Journal of Biogeography 40(3):521-533. ",
190,TrAn,Katantica,4935,-69.2,-14.8,51,7719,Neotoma,,,"Graf, K. 1992. Pollendiagramme aus den Anden: Eine Synthese zur Klimageschichte und Vegetationsentwicklung seit der letzten Eiszeit. Physische Geographie 34. Universität Zürich-Irchel, Geographisches Institut, Zürich, Switzerland.",
191,CEB,Vereda de Águas Emendadas,1093,-47.8,-14.8,52,31678,Manually extracted,Manually extracted,ME_VeredaAguasEmendadas,"Salgado-Labouriau, M.L., Barberi, M., Ferraz-Vicentini, K.R., Parizzi, M.G., 1998. A dry climatic event during the late Quaternary of tropical Brazil. Rev. Palaeobot. Palynol. 99, 115–129. ",
192,TrAn,Cotapampa,4440,-69.1,-15.2,-97,13060,Neotoma,,,"Graf, K. DOI: 10.21233/n3589r",
193,TrAn,Amarete,3874,-69,-15.2,0,9321,Neotoma,,,"Graf, K. 1992. Pollendiagramme aus den Anden: Eine Synthese zur Klimageschichte und Vegetationsentwicklung seit der letzten Eiszeit. Physische Geographie 34. Universität Zürich-Irchel, Geographisches Institut, Zürich, Switzerland.",
194,-,Pontes e Lacerda,273,-59.2,-15.3,39,12694,,Reading Palaeofire,417,"Marques Gouveia, S.E., Ruiz Pessenda, L.C., Aravena, R., Boulet, R., Scheel-Ybert, R., Bendassoli, J.A., de Souza Ribeiro, A., de Freitas, H.A., 2002. Carbon isotopes in charcoal and soils in studies of paleovegetation and climate changes during the late Pleistocene and the Holocene in the southeast and centerwest regions of Brazil. Global and Planetary change 33, 95–106.",
195,CEB,Lagoa Feia,915,-47.3,-15.6,-35,15331,Manually extracted,Manually extracted,ME_LagoaFeia,"Escobar?Torrez, K., Ledru, M., Cassino, R. F., Bianchini, P. R., and Yokoyama, E.: Long?and short?term vegetation change and inferred climate dynamics and anthropogenic activity in the central Cerrado during the Holocene, J. Quat. Sci., https://doi.org/10.1002/jqs.3567, 2023.",
196,CEB,Lagoa Bonita,960,-47.7,-15.6,3260,23760,Manually extracted,,,"Barberi, M.: Mudanças paleoambientais na região dos cerrados do planalto central durante o quaternário tardio: o estudo da lagoa bonita (DF), University of São Paulo, 210 pp., https://doi.org/https://doi.org/10.11606/T.44.2001.tde-04112015-161453, 2001.",
197,Amazonia,Yaguaru,195,-63.2,-15.6,0,4924,,Reading Palaeofire,847,"Taylor, Z.P., 2005. Environmental History at Laguna Yaguarú, Bolivia: Evidence from Pollen, Stable Carbon Isotopes, and an Embedded Mineral Facies (MSc thesis). University of Tennessee, Knoxville, Tennessee, USA.",
198,-,Coropuna peat bog,4673,-72.7,-15.6,38,9476,Neotoma,,,"Kuentz, A., M.-P. Ledru, and J.-C. Thouret. 2012. Environmental changes in the highlands of the western Andean Cordillera, southern Peru, during the Holocene. The Holocene 22(11):1215-1226. ",
199,TrAn,Lake Titicaca NE98-1PC,3815,-69.2,-16.2,444,6193,Neotoma,Reading Palaeofire,2350,"Paduano, G.M., Bush, M.B., Baker, P.A., Fritz, S.C., Seltzer, G.O., 2003. A vegetation and fire history of Lake Titicaca since the Last Glacial Maximum. Palaeogeography, Palaeoclimatology, Palaeoecology 194, 259–279.",
200,TrAn,Nevado Sabancaya,4306,-71.1,-16.2,6355,12648,Neotoma,,,"Graf, K. DOI: 10.21233/n3194z",
201,TrAn,Cerro Calvario,3992,-68.5,-16.3,4630,8361,Neotoma,,,"Graf, K. 1992. Pollendiagramme aus den Anden: Eine Synthese zur Klimageschichte und Vegetationsentwicklung seit der letzten Eiszeit. Physische Geographie 34. Universität Zürich-Irchel, Geographisches Institut, Zürich, Switzerland.",
202,TrAn,Lago Huiñaimarca LT01-3B,3815,-68.7,-16.3,-3,225988,Neotoma,,,"Gosling, W.D., M.B. Bush, J.A. Hanselman, and A. Chepstow-Lusty. 2008. Glacial-interglacial changes in moisture balance and the impact on vegetation in the southern hemisphere tropical Andes (Bolivia/Peru). Palaeogeography, Palaeoclimatology, Palaeoecology 259(1):35-50.",
203,TrAn,Cumbre Unduavi,4703,-68,-16.4,-219,27904,Neotoma,,,"Graf, K. 1992. Pollendiagramme aus den Anden: Eine Synthese zur Klimageschichte und Vegetationsentwicklung seit der letzten Eiszeit. Physische Geographie 34. Universität Zürich-Irchel, Geographisches Institut, Zürich, Switzerland.",
204,TrAn,Chacaltaya 1,4792,-68.2,-16.4,89,7655,Neotoma,,,"Graf, K. 1992. Pollendiagramme aus den Anden: Eine Synthese zur Klimageschichte und Vegetationsentwicklung seit der letzten Eiszeit. Physische Geographie 34. Universität Zürich-Irchel, Geographisches Institut, Zürich, Switzerland.",
205,TrAn,Chacaltaya 2,4792,-68.2,-16.4,0,10920,Neotoma,,,"Graf, K. 1992. Pollendiagramme aus den Anden: Eine Synthese zur Klimageschichte und Vegetationsentwicklung seit der letzten Eiszeit. Physische Geographie 34. Universität Zürich-Irchel, Geographisches Institut, Zürich, Switzerland.",
206,TrAn,Laguna Salinas,4334,-71.2,-16.4,0,14732,Neotoma,,,"Graf, K. DOI: 10.21233/n3bp82",
207,TrAn,Río Kaluyo,4244,-68.1,-16.4,136,10323,Neotoma,,,"Graf, K. 1992. Pollendiagramme aus den Anden: Eine Synthese zur Klimageschichte und Vegetationsentwicklung seit der letzten Eiszeit. Physische Geographie 34. Universität Zürich-Irchel, Geographisches Institut, Zürich, Switzerland.",
208,TrAn,Monte Blanco,4879,-67.4,-17,38,1273,Neotoma,,,"Graf, K. 1992. Pollendiagramme aus den Anden: Eine Synthese zur Klimageschichte und Vegetationsentwicklung seit der letzten Eiszeit. Physische Geographie 34. Universität Zürich-Irchel, Geographisches Institut, Zürich, Switzerland.",
209,TrAn,Monte Blanco,4879,-67.4,-17,935,8325,Neotoma,,,"Graf, K. 1992. Pollendiagramme aus den Anden: Eine Synthese zur Klimageschichte und Vegetationsentwicklung seit der letzten Eiszeit. Physische Geographie 34. Universität Zürich-Irchel, Geographisches Institut, Zürich, Switzerland.",
210,CEB,Vereda São José,709,-45.1,-17.1,56,15749,Neotoma,Manually extracted,ME_VeredaSaoJose,"Cassino, R.F., C.T. Martinho, and S.A.F. da Silva Caminha. 2018. A Late Quaternary palynological record of a palm swamp in the Cerrado of central Brazil interpreted using modern analog data. Palaeogeography, Palaeoclimatology, Palaeoecology 490:1-16. ",
211,CEB,Crominia  ,708,-49.4,-17.3,5113,39607,Manually extracted,Reading Palaeofire,2307,"Salgado-Labouriau, M.L., Casseti, V., Ferraz-Vicentini, K.R., Martin, L., Soubiès, F., Suguio, K., Turcq, B., 1997. Late Quaternary vegetational and climatic changes in cerrado and palm swamp from Central Brazil. Palaeogeography, Palaeoclimatology, Palaeoecology 128, 215–226.",
212,CEB,Urbano swamp,650,-45.1,-17.3,1500,13120,Manually extracted,,,"Lorente, F. L. and Meyer, K. E. B.: Palinomorfos da vereda da Fazenda Urbano, município de Buritizeiro, Minas Gerais, Brasil, Iheringia - Ser. Bot., 65, 133–169, 2010.",
213,TrAn,Cala Conto,2710,-65.9,-17.6,10077,36533,Neotoma,,,"Graf, K. 1992. Pollendiagramme aus den Anden: Eine Synthese zur Klimageschichte und Vegetationsentwicklung seit der letzten Eiszeit. Physische Geographie 34. Universität Zürich-Irchel, Geographisches Institut, Zürich, Switzerland.",
214,TrAn,Siberia 93-1,2636,-64.7,-17.8,4652,53543,,Reading Palaeofire,2139,"Mourguiart, P., Ledru, M.-P., 2003. Last glacial maximum in an Andean cloud forest environment (Eastern Cordillera, Bolivia). Geology 31, 195–198.",
215,CEB,Lago do Pires,407,-42.2,-18,199,10921,Neotoma,Reading Palaeofire,2325,"Behling, H., 1995. A high resolution Holocene pollen record from Lago do Pires, SE Brazil: vegetation, climate and fire history. Journal of Paleolimnology 14, 253–268.",
216,CEB,Lagoa Nova  ,438,-42.2,-18,95,10796,Manually extracted,Reading Palaeofire,2327,"Behling, H., 2003. Late Glacial and Holocene vegetation, climate and fire history inferred from Lagoa Nova in the southeastern Brazilian lowland. Vegetation History and Archaeobotany 12, 263–270.",
217,CEB,Lago Aleixo,406,-42.1,-18,-54,9253,Manually extracted,,,"Enters, D., Behling, H., Mayr, C., Dupont, L., Zolitschka, B., 2010. Holocene environmental dynamics of south-eastern Brazil recorded in laminated sediments of Lago Aleixo. J. Paleolimnol. 44, 265–277. ",
218,CEB,Pinheiro mire,1240,-43.7,-18.1,99,34350,Manually extracted,,,"Horák?Terra, I., Cortizas, A. M., Da Luz, C. F. P., Silva, A. C., Mighall, T., De Camargo, P. B., Mendonça?Filho, C. V., De Oliveira, P. E., Cruz, F. W., and Vidal?Torrado, P.: Late Quaternary vegetation and climate dynamics in central?eastern Brazil: insights from a ~35k cal a BP peat record in the Cerrado biome, J. Quat. Sci., jqs.3209, https://doi.org/10.1002/jqs.3209, 2020.",
219,-,Laguna Mandioré,90,-57.6,-18.1,-30,11248,Neotoma,,,"Plumpton, H.J., F.E. Mayle, and B.S. Whitney. 2019. Long-term impacts of mid-Holocene drier climatic conditions on Bolivian tropical dry forests. Quaternary Research. ",
220,TrAn,Sajama,4338,-68.9,-18.2,0,4397,Neotoma,,,"Ybert, J.P., and Y. Miranda. 1984. Analisis palinologico de un corte del Sajama. Actas II Congreso Geologico Bolivia, 691-694.",
221,TrAn,Ajata,4796,-69.2,-18.3,0,2839,Neotoma,,,"Graf, K. DOI: 10.21233/n36t1j",
222,CEB,Pau de Fruta mire,1396,-43.7,-18.3,-51,9595,Manually extracted,,,"Horák-Terra, I., Martínez Cortizas, A., da Luz, C.F.P., Rivas López, P., Silva, A.C., Vidal-Torrado, P., 2015. Holocene climate change in central-eastern Brazil reconstructed using pollen and geochemical records of Pau de Fruta mire (Serra do Espinhaço Meridional, Minas Gerais). Palaeogeogr. Palaeoclimatol. Palaeoecol. 437, 117–131.",
223,TrAn,Quebrada La Higuera,3473,-69.5,-18.7,-7,0,Neotoma,,,"Mujica, M.-I., C. Latorre, A. Maldonado, L. González-Silvestre, R. Pinto, R. de Pol-Holz, and C.M. Santoro. 2014. Late Quaternary climate change, relict populations and present-day refugia in the northern Atacama Desert: a case 1 study from Quebrada La Higuera (18Â° S). Journal of Biogeography. ",
224,CEB,Serra Negra,1083,-46.9,-18.9,223,86927,Manually extracted,,,"De Oliveira, P.E., Raczka, M., McMichael, C.N.H., Pinaya, J.L.D., Bush, M.B., 2020. Climate change and biogeographic connectivity across the Brazilian cerrado. J. Biogeogr. 47, 396–407",
225,CEB,Lagoa Campestre de Salitre,1054,-46.8,-19,2380,65511,Neotoma,Reading Palaeofire,418,"Ledru, M.-P., H. Behling, M. Fournier, L. Martin, and M. Servant. 1994. Localisation de la forêt d'Araucaria du Brésil au cours de l'HolocÃ¨ne. Implications paléoclimatiques. C.R. Acad. Sci. Paris 317:517-521.",
226,SESA,Nativo do Flamengo,31,-39.9,-19.2,-64,6304,Neotoma,,,"Buso Jr, A.A., L.C.R. Pessenda, F.E. Mayle, F.L. Lorente, C. Volkmer-Ribeiro, J.A. Schiavo, M.G. Pereira, J.A. Bendassolli, K.C.D. Macario, and G.S. Siqueira. 2019. Paleovegetation and paleoclimate dynamics during the last 7000 years in the Atlantic forest of Southeastern Brazil based on palynology of a waterlogged sandy soil. Review of Palaeobotany and Palynology 264:1-10. ",
227,CEB,Lagoa Santa,784,-43.9,-19.6,546,6175,Manually extracted,,,"Salgado-Labouriau, M.L., Barberi, M., Ferraz-Vicentini, K.R., Parizzi, M.G., 1998. A dry climatic event during the late Quaternary of tropical Brazil. Rev. Palaeobot. Palynol. 99, 115–129",
228,CEB,Lagoa dos Olhos,801,-43.9,-19.6,43,23399,Manually extracted,,,"De Oliveira, P. E. 1992. A Palynological Record of Late Quaternary Vege- tational and Climatic Change in Southeastern Brazil. Ph.D. thesis, Ohio State University, Columbus, Ohio, U.S.A",
229,CEB,Lagoa Mares,720,-44,-19.7,0,23000,Manually extracted,,,"Raczka, M. F., Bush, M. B., and De Oliveira, P. E.: The collapse of megafaunal populations in southeastern Brazil, Quat. Res. (United States), 89, 103–118, https://doi.org/10.1017/qua.2017.60, 2018.",
230,SESA,GeoB3202-1,-1136,-40,-21.6,14392,64600,Manually extracted,,,"Behling, H., Arz, H.W., Pätzold, J., Wefer, G., 2002. Late Quaternary vegetational and climate dynamics in southeastern Brazil, inferences from marine cores GeoB 3229-2 and GeoB 3202-1. Palaeogeogr. Palaeoclimatol. Palaeoecol. 179, 227–243.",
231,TrAn,Toconce,3604,-68.1,-22.2,0,0,Neotoma,,,"Jara, I.A., A. Maldonado, and M.E. De Porras. 2022. Did modern precipitation drivers influence centennial trends in the highlands of the Atacama Desert during the most recent millennium?. Geophysical Research Letters 49(1):1-13. https://agupubs.onlinelibrary.wiley.com/doi/abs/10.1029/2021GL095927. ",
232,SESA,Itatiaia (AN  ),2118,-44.7,-22.4,6,7563,Manually extracted,Reading Palaeofire,2416,"Behling, H., Jantz, N., Safford, H.D., 2020. Mid-and late Holocene vegetation, climate and fire dynamics in the Serra do Itatiaia, Rio de Janeiro State, southeastern Brazil. Review of Palaeobotany and Palynology 274, 104152.",
233,SESA,Serra dos Órgãos,1567,-43,-22.5,15,12488,Manually extracted,Manually extracted,ME_SerraDosOrgaos,"Jeske-Pieruschka, V., Pillar, V.D., de Oliveira, M.A.T., Behling, H., 2013. New insights into vegetation, climate and fire history of southern Brazil revealed by a 40,000 year environmental record from the State Park Serra do Tabuleiro. Veg. Hist. Archaeobot. 22, 299–314.",
234,SESA,Morro de Itapeva  ,1753,-45.6,-22.8,-43,23282,Neotoma,Reading Palaeofire,96,"Behling, H., 1997. Late Quaternary vegetation, climate and fire history from the tropical mountain region of Morro de Itapeva, SE Brazil. Palaeogeography, Palaeoclimatology, Palaeoecology 129, 407–422.",
235,SESA,Botucatu BOT profile,602,-48,-23.2,222,8794,,Reading Palaeofire,2301,"Ruiz Pessenda, L.C., Marques Gouveia, S.E., Aravena, R., Boulet, R., Valencia, E.P.E., 2004. Holocene fire and vegetation changes in southeastern Brazil as deduced from fossil charcoal and soil carbon isotopes. Quaternary International 114, 35–43.",
236,TrAn,Tumbre 1,4091,-67.8,-23.3,247,7500,Neotoma,,,"Ybert, J.P., and Y. Miranda. 1984. Analisis palinologico de un corte del Sajama. Actas II Congreso Geologico Bolivia, 691-694.",
237,TrAn,Laguna Miscanti,4162,-67.8,-23.7,87.34,13604.24,Neotoma,,,"Grosjean, M., J.F.N. van Leeuwen, W.O. van der Knaap, M.A. Geyh, B. Ammann, W. Tanner, B. Messerli, L.A. Nuñez, B.L. Valero-Garcés, and H. Veit. 2001. A 22,000 14C year BP sediment and pollen record of climate change from Laguna Miscanti (23Â°S), northern Chile. Global and Planetary Change 28:35-51.",
238,TrAn,Aguilar,3972,-65.8,-23.8,0,9822,Neotoma,,,"Markgraf, V. 1985. Paleoenvironemtal history of the last 10,000 years in northwestern Argentina. Zentralblatt Geologie Palaeontologie 11/12:1739-1749.",
239,SESA,Colonia,779,-46.7,-23.9,-262,215952,Pangaea,Reading Palaeofire,2376,"Rodríguez-Zorro, P.A., Ledru, M.-P., Bard, E., Aquino-Alfonso, O., Camejo, A., Daniau, A.-L., Favier, C., Garcia, M., Mineli, T.D., Rostek, F., Ricardi-Branco, F., 2020. Shut down of the South American summer monsoon during the penultimate glacial. Scientific Reports 10, 1–11.",
240,TrAn,Tuyajto,3969,-67.8,-24,1045,14894,Neotoma,,,"Ybert, J.P., and Y. Miranda. 1984. Analisis palinologico de un corte del Sajama. Actas II Congreso Geologico Bolivia, 691-694.",
241,SESA,Serra Campos Gerais  ,1161,-50.2,-24.7,-45,14554,Neotoma,Reading Palaeofire,97,"Behling, H., 1997. Late Quaternary vegetation, climate and fire history of the Araucaria forest and campos region from Serra Campos Gerais, Paraná State (South Brazil). Review of Palaeobotany and Palynology 97, 109–121.",
242,SESA,Serra Araçatuba,1246,-49,-25.9,0,14635,Manually extracted,Reading Palaeofire,2299,"Behling, H., 2007. Late Quaternary vegetation, fire and climate dynamics of Serra do Araçatuba in the Atlantic coastal mountains of Paraná State, southern Brazil. Vegetation History and Archaeobotany 16, 77–85.",
243,SESA,Volta Velha,15,-48.6,-26.1,955,26081,Manually extracted,,,"Behling, H., Negrelle, R.R.B., 2001. Tropical rain forest and climate dynamics of the Atlantic lowland, Southern Brazil, during the late Quaternary. Quat. Res. 56, 383–389. ",
244,-,São Francisco do Sul Bay,138,-48.8,-26.1,-68,2554,Neotoma,,,"Rodrigues, E., M.C.L. Cohen, L.C.R. Pessenda, M.C. França, E. Magalhães, and Q. Yao. 2022. Poleward mangrove expansion in South America coincides with MCA and CWP: A diatom, pollen, and organic geochemistry study. Quaternary Science Reviews 288:in press.",
245,SESA,Poço Grande,11,-48.9,-26.4,-39,4839,Neotoma,,,"Behling, H. 1993. Untersuchungen zur spätpleistozänen und holozänen Vegetations- und Klimageschichte der tropischen Küstenwälder und der Araukarienwälder in Santa Catarina (Südbrasilien). Dissertationes Botanicae 206. J Cramer, Berlin Stuttgart, Germany.",
246,SESA,GeoB2107-3,-836,-46.8,-27.3,582,79869,Pangaea,,,"Gu, F., Zonneveld, K.A.F., Chiessi, C.M., Arz, H.W., Pätzold, J., Behling, H., 2017. Long-term vegetation, climate and ocean dynamics inferred from a 73,500 years old marine sediment core (GeoB2107-3) off southern Brazil. Quat. Sci. Rev. 172, 55–71. ",
247,SESA,Serra da Boa Vista,1022,-49.2,-27.7,-41,17999,Neotoma,,,"Behling, H. 1993. Untersuchungen zur spätpleistozänen und holozänen Vegetations- und Klimageschichte der tropischen Küstenwälder und der Araukarienwälder in Santa Catarina (Südbrasilien). Dissertationes Botanicae 206. J Cramer, Berlin Stuttgart, Germany.",
248,SESA,Santa Catarina Island,82,-48.5,-27.8,-57,6622,Neotoma,,,"Kuhn, L.A., K.A.F. Zonneveld, P.A. Souza, and R.R. Cancelli. 2023. Late Quaternary palaeoenvironmental evolution and sea level oscillation of the Santa Catarina Island (southern Brazil). Biogeosciences in press.",
249,SESA,Serra do Tabuleiro,916,-48.9,-27.9,-4,43127,Manually extracted,Manually extracted,ME_SerraDoTabuleiro,"Behling, H., Safford, H.D., 2010. Late-glacial and Holocene vegetation, climate and fire dynamics in the Serra dos Órgãos, Rio de Janeiro State, southeastern Brazil. Glob. Chang. Biol. 16, 1661–1671. https://doi.org/10.1111/j.1365-2486.2009.02029.x",
250,SESA,Morro da Igreja,1365,-49.9,-28.2,-39,10386,Neotoma,,,"Behling, H. 1995. Investigations into the Late Pleistocene and Holocene history of vegetation and climate in Santa Catarina (S Brazil). Vegetation History and Archaeobotany 4:127-152.",
251,SESA,Rincão das Cabritas,972,-50.6,-28.5,-8,16348,Manually extracted,Manually extracted,ME_RincaoDasCabritas,"Jeske-Pieruschka, V., Behling, H., 2012. Palaeoenvironmental history of the São Francisco de Paula region in southern Brazil during the late Quaternary inferred from the Rincão das Cabritas core. Holocene 22, 1251–1262",
252,SESA,Serra do Rio Rastro,313,-49.6,-28.6,800,11014,Neotoma,,,"Behling, H. 1993. Untersuchungen zur spätpleistozänen und holozänen Vegetations- und Klimageschichte der tropischen Küstenwälder und der Araukarienwälder in Santa Catarina (Südbrasilien). Dissertationes Botanicae 206. J Cramer, Berlin Stuttgart, Germany.",
253,SESA,Cambara do Sul  ,1056,-50.1,-29.1,-50,45816,Manually extracted,Reading Palaeofire,2140,"Behling, H., Pillar, V.D., Orlóci, L., Girardi Bauermann, S., 2004. Late Quaternary Araucaria forest, grassland (Campos), fire and climate dynamics, studied by high-resolution pollen, charcoal and multivariate analysis of the Cambará do Sul core in southern Brazil. Palaeogeography, Palaeoclimatology, Palaeoecology 203, 277–297.",
254,SESA,Fazendo do Pinto  ,835,-50.6,-29.4,21,2564,,Reading Palaeofire,2311,"Behling, H., Girardi Bauermann, S., Pereira Neves, P.C., 2001. Holocene environmental changes in the São Francisco de Paula region, southern Brazil. Journal of South American Earth Sciences 14, 631–639.",
255,SESA,Alpes de São Francisco,671,-50.6,-29.5,2924,29669,Manually extracted,,,"Leonhardt, A., Lorscheitter, M.L., 2010. The last 25,000 years in the Eastern Plateau of Southern Brazil according to Alpes de São Francisco record. J. South Am. Earth Sci. 29, 454–463",
256,SESA,Sao Francisco de Assis  ,113,-55.2,-29.6,33,23726,Manually extracted,Reading Palaeofire,130,"Behling, H., Pillar, V.D., Girardi Bauermann, S., 2005. Late Quaternary grassland (Campos), gallery forest, fire and climate dynamics, studied by pollen, charcoal and multivariate analysis of the São Francisco de Assis core in western Rio Grande do Sul (southern Brazil). Review of Palaeobotany and Palynology 133, 235–248.",
257,-,Salina 2,2599,-69.3,-32.3,100,6507,Neotoma,,,"Markgraf, V. 1983. Late and postglacial vegetational and paleoclimatic changes in subantarctic, temperate, and arid environments in Argentina. Palynology 7(1):43-70. ",
258,SESA,GeoB6211-2,-664,-50.2,-32.5,89,19228,Pangaea,,,"Gu, F., Chiessi, C.M., Zonneveld, K.A.F., Behling, H., 2018. Late Quaternary environmental dynamics inferred from marine sediment core GeoB6211-2 off southern Brazil. Palaeogeogr. Palaeoclimatol. Palaeoecol. 496, 48–61. ",
259,ExTrAn,Laguna Aculeo  ,493,-70.9,-33.8,-40,7446,Manually extracted,Reading Palaeofire,147,"Villa-Martínez, R., Villagrán, C., Jenny, B., 2003. The last 7500 cal yr B.P. of westerly rainfall in Central Chile inferred from a high-resolution pollen record from Laguna Aculeo (34({}^circ)S). Quaternary Research 60, 284–293.",
260,ExTrAn,Tagua Tagua  ,274,-71.2,-34.5,598,58113,,Reading Palaeofire,2142,"Heusser, C.J., 1990. Ice age vegetation and climate of subtropical Chile. Palaeogeography, Palaeoclimatology, Palaeoecology 80, 107–127.",
261,ExTrAn,Laguna El Sosneado,2346,-69.9,-34.8,24,2215,Neotoma,Neotoma,5005,"Nanavati, W., C. Whitlock, M.E. de Porras, A. Gil, D. Navarro, and G. Neme. 2022. Disentangling the last 1,000 years of human-environment interactions along the eastern side of the southern Andes (34-52 S Lat.). Proceedings of the National Academies of Sciences 119.",
262,ExTrAn,Salado,1803,-69.8,-35.3,22,4321,Neotoma,,,"Markgraf, V. 1983. Late and postglacial vegetational and paleoclimatic changes in subantarctic, temperate, and arid environments in Argentina. Palynology 7(1):43-70. ",
263,ExTrAn,Laguna del Maule,2170,-70.5,-36.1,-65,728,Neotoma,,,"Carrevedo, M.L., M. Frugone, C. Latorre, A. Maldonado, P. Bernárdez, R. Prego, D. Cárdenas, and B. Valero-Garcés. 2015. A 700-year record of climate and environmental change from a high Andean lake: Laguna del Maule, central Chile (36Â°S). The Holocene 25(6):956-972. ",
264,ExTrAn,Veranada Vulkanpickel,3224,-70.4,-36.7,39,7783,Neotoma,,,"Schäbitz, F. 1989. Untersuchungen zum aktuellen Pollenniederschlag und zur holozänen Klima- und Vegetationsentwicklung in den Anden Nord-Neuquéns, Argentinien. Bamberger Geographische Schriften 8. Bamberg, Germany.",
265,ExTrAn,Mallín Vaca Lauquen,1615,-71,-36.9,-13,16154,Neotoma,Neotoma,5006,"Markgraf, V., C. Whitlock, R.S. Anderson, and A. Garcia. 2009. Late Quaternary vegetation and fire history in the northernmost Nothofagus forest region: Mallin Vaca Lauquen, Neuquen Province, Argentina. Journal of Quaternary Science 24(3):248-258.",
266,ExTrAn,Mallín Vaca Lauquen,1615,-71,-36.9,0,11258,Neotoma,,,"Markgraf, V. 1987. Paleoenvironmental changes at the northern limit of the subantarctic Nothofagus forest, latitude 37Â°S, Argentina. Quaternary Research 28:119-129.",
267,ExTrAn,Veranada Pelan,1880,-70.4,-36.9,5,10890,Neotoma,,,"Schäbitz, F. 1989. Untersuchungen zum aktuellen Pollenniederschlag und zur holozänen Klima- und Vegetationsentwicklung in den Anden Nord-Neuquéns, Argentinien. Bamberger Geographische Schriften 8. Bamberg, Germany.",
268,ExTrAn,Laguna Portezuelo,1680,-71,-37.9,12,11273,Neotoma,Neotoma,5007,"Nanavati, William. 2020. Disentangling Anthropogenic and Natural Drivers of Change in Vegetation and Fire History Along the Forest-grassland Ecotones of the Central United States and Patagonia. Doctoral dissertation. Montana State University, Bozeman, Montana, U.S.A.",
269,ExTrAn,Cueva Haichol,1151,-70.7,-38.6,-19,7856,Neotoma,,,"Markgraf, V. 1988/90. Analisis palinologicos de los sedimentos. In J.C. Fernandez, editor. Arqueologia de la Cueva Haichol. Anales de Arqueologia y Etnologia 43/45:97-102.",
270,-,Salina Anzoátegui,16,-63.8,-39,9,10353,Neotoma,,,"Schäbitz, F. 1994. Holocene climatic variations in northern Patagonia, Argentina. Palaeogeography, Palaeoclimatology, Palaeoecology 109:287-294.",
271,ExTrAn,Caunahue,946,-72,-40,2810,19239,Neotoma,,,"Markgraf, V. 1991. Younger Dryas in southern South America?. Boreas 20(1):63-69. ",
272,-,Salina Piedra,-5,-62.7,-40.6,0,4247,Neotoma,,,"Schäbitz, F. 1994. Holocene climatic variations in northern Patagonia, Argentina. Palaeogeography, Palaeoclimatology, Palaeoecology 109:287-294.",
273,ExTrAn,Primavera,950,-71.2,-40.7,1835,4375,Neotoma,,,"Markgraf, V., J. Betancourt, and K. Rylander. 1996 (in prep) Amberat middens from Rio Limay, Neuquen Province, Argentina.",
274,ExTrAn,Encantado,903,-71.1,-40.7,295,1260,Neotoma,,,"Markgraf, V., J. Betancourt, and K. Rylander. 1996 (in prep) Amberat middens from Rio Limay, Neuquen Province, Argentina.",
275,ExTrAn,Lago Llanquihue (Puerto Octay) (PM),166,-72.9,-40.9,8414,23788,,Reading Palaeofire,1736,"Moreno, P.I., 1993. Vegetation and Climate near Lago Llanquihue in the Chilean Lake District (MSc thesis). University of Maine, Orono, Maine, USA.",
276,ExTrAn,Canal de la Puntilla  ,166,-72.9,-41,12856,14164,Neotoma,Reading Palaeofire,2207,"Moreno, P.I., 1997. Vegetation and climate near Lago Llanquihue in the Chilean Lake District between 20200 and 9500 (^{14})C yr BP. Journal of Quaternary Science 12, 485–500.",
277,ExTrAn,Canal de la Puntilla  ,166,-72.9,-41,521,20157,Neotoma,,,"Moreno, P.I. 1993. Vegetation and climate near Lago Llanquihue in the Chilean Lake District. M.S. Thesis. University of Maine, Orono, Maine, USA.",
278,ExTrAn,Lago Moreno,813,-71.5,-41.1,1681,14596,Neotoma,,,"Valencio, D.A., A.M. Sinito, K.M. Creer, M.M. Mazzoni, M.S. Alonso, and V. Markgraf. 1985. Palaeomagnetism, sedimentology, radiocarbon age determinations and palynology of the Llao Llao area, southwestern Argentina (lat. 41Â°S, long. 71Â°30'W): palaeolimnological aspects. Quaternary of South America and Antarctic Peninsula 3:109-148.",
279,ExTrAn,Trebol Lake  ,810,-71.5,-41.1,-52,17674,,Reading Palaeofire,2233,"Whitlock, C., Bianchi, M.M., Bartlein, P.J., Markgraf, V., Marlon, J., Walsh, M., McCoy, N., 2006. Postglacial vegetation, climate, and fire history along the east side of the Andes (lat 41–42.5°S), Argentina. Quaternary Research 66, 187–201.",
280,ExTrAn,Laguna el Trébol,810,-71.5,-41.1,-20,20444,Neotoma,,,"Iglesias, V., C. Whitlock, V. Markgraf, and M.M. Bianchi. 2014. Postglacial history of the Patagonian forest/steppe ecotone (41â€”43Â°S). Quaternary Science Reviews 94:120-135. ",
281,ExTrAn,Pichilaguna,121,-73.1,-41.2,-16,21197,Manually extracted,Manually extracted,ME_Pichilaguna,"Moreno, P.I., Videla, J., Valero-Garcés, B., Alloway, B. V., Heusser, L.E., 2018. A continuous record of vegetation, fire-regime and climatic changes in northwestern Patagonia spanning the last 25,000 years. Quat. Sci. Rev. 198, 15–36.",
282,ExTrAn,Lago Mascardi-Gutierrez,1228,-71.5,-41.3,129,10163,Neotoma,,,"Markgraf, V. 1983. Late and postglacial vegetational and paleoclimatic changes in subantarctic, temperate, and arid environments in Argentina. Palynology 7(1):43-70. ",
283,ExTrAn,Mallin Book,1039,-71.6,-41.3,103,17046,Neotoma,,,"Markgraf, V. 1983. Late and postglacial vegetational and paleoclimatic changes in subantarctic, temperate, and arid environments in Argentina. Palynology 7(1):43-70. ",
284,ExTrAn,Laguna Padre Laguna,902,-71.5,-41.4,-61,5304,Neotoma,,,"Iglesias, V., C. Whitlock, V. Markgraf, and M.M. Bianchi. 2014. Postglacial history of the Patagonian forest/steppe ecotone (41â€”43Â°S). Quaternary Science Reviews 94:120-135. ",
285,ExTrAn,Lago Huala Hué,726,-71.5,-41.5,-57,13378,Neotoma,,,"Iglesias, V., C. Whitlock, V. Markgraf, and M.M. Bianchi. 2014. Postglacial history of the Patagonian forest/steppe ecotone (41â€”43Â°S). Quaternary Science Reviews 94:120-135. ",
286,ExTrAn,Cordón Serrucho Norte wetland,871,-71.4,-41.8,-50,16621,Neotoma,,,"Markgraf, V., V. Iglesias, and C. Whitlock. 2013. Late and postglacial vegetation and fire history from Cordón Serrucho Norte, northern Patagonia. Palaeogeography, Palaeoclimatology, Palaeoecology 371:109-118. ",
287,ExTrAn,Lago Proschle,68,-72.8,-41.9,43,17511,Manually extracted,Manually extracted,ME_LagoProschle,"Moreno, P.I., 2020. Timing and structure of vegetation, fire, and climate changes on the Pacific slope of northwestern Patagonia since the last glacial termination. Quat. Sci. Rev. 238, 106328",
288,ExTrAn,Laguna del Cóndor,907,-71.3,-42.4,-51,10443,Neotoma,,,"Iglesias, V., C. Whitlock, M.M. Bianchi, G. Villarosa, and V. Outes. 2012. Holocene climate variability and environmental history at the Patagonian forest/steppe ecotone: Lago Mosquito (42°29'37.89""S, 71°24'14.57""W) and Laguna del Cóndor (42Â°20'47.22""S, 71Â°17'07.62""W). The Holocene 22(11):1297-1307. ",
289,ExTrAn,Lago Mosquito,694,-71.4,-42.5,7,9516,Neotoma,,,"Iglesias, V., C. Whitlock, M.M. Bianchi, G. Villarosa, and V. Outes. 2012. Holocene climate variability and environmental history at the Patagonian forest/steppe ecotone: Lago Mosquito (42Â°29'37.89""S, 71Â°24'14.57""W) and Laguna del Cóndor (42Â°20'47.22""S, 71Â°17'07.62""W). The Holocene 22(11):1297-1307. ",
290,ExTrAn,Lepue  ,159,-73.7,-42.8,-51,18125,,Reading Palaeofire,2221,"Pesce, O.H., Moreno, P.I., 2014. Vegetation, fire and climate change in central-east Isla Grande de Chiloé (43(^circ)S) since the Last Glacial Maximum, northwestern Patagonia. Quaternary Science Reviews 90, 143–157.",
291,ExTrAn,Laguna la Zeta  ,778,-71.3,-42.9,-39,20422,,Reading Palaeofire,973,"Iglesias, V., Whitlock, C., Markgraf, V., Bianchi, M.M., 2014. Postglacial history of the Patagonian forest/steppe ecotone (41–43(^circ)S). Quaternary Science Reviews 94, 120–135.",
292,ExTrAn,Lago Theobald  ,696,-71.6,-43.4,-54,11603,Neotoma,Reading Palaeofire,974,"Iglesias, V., C. Whitlock, V. Markgraf, and M.M. Bianchi. 2014. Postglacial history of the Patagonian forest/steppe ecotone (41â€”43Â°S). Quaternary Science Reviews 94:120-135. ",
293,ExTrAn,Lago Los Ninos,1070,-71.5,-44,100,16988,Neotoma,,,"Iglesias, V., V. Markgraf, and C. Whitlock. 2016. 17,000 years of vegetation, fire and climate change in the eastern foothills of the Andes (lat. 44Â°S). Palaeogeography, Palaeoclimatology, Palaeoecology 457:195-208. ",
294,ExTrAn,Laguna La Pava,696,-71.5,-44.3,53,112500,Neotoma,,,"Iglesias, V., V. Markgraf, and C. Whitlock. 2016. 17,000 years of vegetation, fire and climate change in the eastern foothills of the Andes (lat. 44Â°S). Palaeogeography, Palaeoclimatology, Palaeoecology 457:195-208. ",
295,ExTrAn,Mallín Fontanito,939,-71.6,-44.9,19,17042,Neotoma,Neotoma,5012,"Nanavati, W., C. Whitlock, V. Iglesias, and M.E. de Porras. 2019. Postglacial vegetation, fire, and climate history along the eastern Andes, Argentina and Chile (lat. 41–55°S). Quaternary Science Reviews",
296,ExTrAn,Mallin Pollux,710,-71.8,-45.7,-47,17657,Neotoma,Neotoma,5014,"Markgraf, V., C. Whitlock, and S. Haberle. 2007. Vegetation and fire history during the last 18,000 cal yr B.P. in Southern Patagonia: Mallín Pollux, Coyhaique, Province Aisén (45°41S, 71°50 W, 640 m elevation). Palaeogeography, Palaeoclimatology, Palaeoecology 254(3-4):492-507. ",
297,ExTrAn,MD07-3088,-1000,-75.7,-46.1,993,21496,Manually extracted,,,"Montade, V., Combourieu Nebout, N., Kissel, C., Haberle, S.G., Siani, G., Michel, E., 2013. Vegetation and climate changes during the last 22,000yr from a marine core near Taitao Peninsula, southern Chile. Palaeogeogr. Palaeoclimatol. Palaeoecol. 369, 335–348. ",
298,ExTrAn,La Esperanza,671,-72.8,-46.6,7,232,Neotoma,,,"Graf, K. 1992. Pollendiagramme aus den Anden: Eine Synthese zur Klimageschichte und Vegetationsentwicklung seit der letzten Eiszeit. Physische Geographie 34. Universität Zürich-Irchel, Geographisches Institut, Zürich, Switzerland.",
299,ExTrAn,Mallin Casanova,227,-73,-47.6,-66,10322,Neotoma,,,"Iglesias, V., S.G. Haberle, A. Holz, and C. Whitlock. 2018. Holocene dynamics of temperate rainforests in west-central Patagonia. Frontiers in Ecology and Evolution 5:177. ",
300,ExTrAn,Témpano Sur,173,-74,-48.7,11407,13767,Neotoma,,,"Ashworth, A.C., and V. Markgraf. 1989. Climate of the Chilean Channels between 11,000 and 10,000 yr B.P. based on fossil beetle and pollen analyses. Revista Chilena de Historia Natural 62:61-74.",
301,-,Lago Cardiel,285,-71.3,-48.9,47,10924,Neotoma,Neotoma,5015,"Markgraf, V., J.P. Bradbury, A. Schwalb, S.J. Burns, C. Stern, D. Ariztegui, A. Gilli, F.A. Anselmetti, S. Stine, and N. Maidana. 2003. Holocene palaeoclimates of southern Patagonia: limnological and environmental history of Lago Cardiel, Argentina. The Holocene 13(4):581-591. ",
302,ExTrAn,Puerto Edén,214,-74.4,-49.1,0,14741,Neotoma,,,"Ashworth, A.C., V. Markgraf, and C. Villagrán. 1991. Late Quaternary climatic history of the Chilean Channels based on fossil pollen and beetle analyses, with an analysis of the modern vegetation and pollen rain. Journal of Quaternary Science 6:279-291..",
303,ExTrAn,Moreno Glacier Bog,360,-73,-50.5,0,9550,Neotoma,,,"Mercer, J.H., and T.A. Ager. 1983. Glacial and floral changes in southern Argentina since 14,000 years ago. National Geographic Society Research Reports 15:457-477.",
304,ExTrAn,Meseta Latorre 2,942,-72.1,-51.5,245,7119,Neotoma,,,"Schäbitz, F. 1991. Holocene vegetation and climate in southern Santa Cruz, Argentina. Bamberger Geographische Schriften 11:235-244.",
305,ExTrAn,Meseta Latorre 1,942,-72.1,-51.5,63,5269,Neotoma,,,"Schäbitz, F. 1991. Holocene vegetation and climate in southern Santa Cruz, Argentina. Bamberger Geographische Schriften 11:235-244.",
306,ExTrAn,Cueva Milodon,92,-72.6,-51.6,10832,13470,Neotoma,,,"Markgraf, V. 1985. Late Pleistocene faunal extinction in southern Patagonia. Science 228:1110-1112..",
307,-,Surf Bay,16,-57.8,-51.7,41,14030,Neotoma,,,"Groff, D.V., K.M. Hamley, T.J.R. Lessard, K.E. Greenawalt, M. Yasuhara, P. Brickle, and J.L. Gill. 2020. Seabird establishment during regional cooling drove a terrestrial ecosystem shift 5000 years ago. Science Advances 6(43):eabb2788. ",
308,-,Mount Usborne,351,-58.8,-51.7,516,13273,,Neotoma,5028,"Hamley, K.M., J.L. Gill, K.E. Krasinski, D.V. Groff, B.L. Hall, D.H. Sandweiss, J.R. Southon, P. Brickle, and T.V. Lowell. 2021. Evidence of prehistoric human activity in the Falkland Islands. Science Advances 7.",
309,-,New Island,60,-61.3,-51.7,-57,7963,,Neotoma,5027,"Hamley, K.M., J.L. Gill, K.E. Krasinski, D.V. Groff, B.L. Hall, D.H. Sandweiss, J.R. Southon, P. Brickle, and T.V. Lowell. 2021. Evidence of prehistoric human activity in the Falkland Islands. Science Advances 7.",
310,ExTrAn,Rio Rubens Bog,181,-71.9,-52,-46,17551,Neotoma,Neotoma,5029,"Huber, U.M., V. Markgraf, and F. Schäbitz. 2004. Geographical and temporal trends in Late Quaternary fire histories of Fuego-Patagonia, South America. Quaternary Science Reviews 23(9-10):1079-1097. ",
311,ExTrAn,La Mision,78,-68.4,-53.5,0,11730,Neotoma,,,"Markgraf, V. 1983. Late and postglacial vegetational and paleoclimatic changes in subantarctic, temperate, and arid environments in Argentina. Palynology 7(1):43-70. ",
312,ExTrAn,Puerto del Hambre  ,44,-70.9,-53.6,51,19338,,Reading Palaeofire,2227,"McCulloch, R.D., Davies, S.J., 2001. Late-glacial and Holocene palaeoenvironmental change in the central Strait of Magellan, southern Patagonia. Palaeogeography, Palaeoclimatology, Palaeoecology 173, 143–173.",
313,ExTrAn,Isla Clarence,134,-71.2,-54.2,85,11633,Neotoma,,,"Markgraf, V. 1983. Late and postglacial vegetational and paleoclimatic changes in subantarctic, temperate, and arid environments in Argentina. Palynology 7(1):43-70. ",
314,ExTrAn,Yehuin,68,-67.8,-54.3,226,12622,Neotoma,,,"Markgraf, V. 1983. Late and postglacial vegetational and paleoclimatic changes in subantarctic, temperate, and arid environments in Argentina. Palynology 7(1):43-70. ",
315,ExTrAn,Paso Garibaldi,437,-67.8,-54.7,-40,14746,Neotoma,,,"Markgraf, V. 1993. Paleoenvironments and paleoclimates in Tierra del Fuego and southernmost Patagonia, South America. Palaeogeography, Palaeoclimatology, Palaeoecology 102(1-2):53-68. ",
316,ExTrAn,Harberton,94,-67.3,-54.9,125,14938,Neotoma,Neotoma,5017,"Markgraf, V. 1991. Younger Dryas in southern South America?. Boreas 20(1):63-69. ",
317,ExTrAn,Punta Burslem,87,-68,-54.9,947,15568,Manually extracted,,,"McCulloch, R.D., Blaikie, J., Jacob, B., Mansilla, C.A., Morello, F., De Pol-Holz, R., San Román, M., Tisdall, E., Torres, J., 2020. Late glacial and Holocene climate variability, southernmost Patagonia. Quat. Sci. Rev. 229, 1–14.",
